2026-03-22 14:07:36 startup archives install
2026-03-22 14:07:36 install base-passwd:amd64 <none> 3.5.52build1
2026-03-22 14:07:36 status half-installed base-passwd:amd64 3.5.52build1
2026-03-22 14:07:36 status unpacked base-passwd:amd64 3.5.52build1
2026-03-22 14:07:36 configure base-passwd:amd64 3.5.52build1 3.5.52build1
2026-03-22 14:07:36 status half-configured base-passwd:amd64 3.5.52build1
2026-03-22 14:07:36 status installed base-passwd:amd64 3.5.52build1
2026-03-22 14:07:36 startup archives install
2026-03-22 14:07:36 install base-files:amd64 <none> 12ubuntu4
2026-03-22 14:07:36 status half-installed base-files:amd64 12ubuntu4
2026-03-22 14:07:36 status unpacked base-files:amd64 12ubuntu4
2026-03-22 14:07:36 configure base-files:amd64 12ubuntu4 12ubuntu4
2026-03-22 14:07:36 status half-configured base-files:amd64 12ubuntu4
2026-03-22 14:07:36 status installed base-files:amd64 12ubuntu4
2026-03-22 14:07:36 startup archives install
2026-03-22 14:07:36 upgrade dpkg 1.21.1ubuntu2 1.21.1ubuntu2
2026-03-22 14:07:36 status half-configured dpkg 1.21.1ubuntu2
2026-03-22 14:07:36 status unpacked dpkg 1.21.1ubuntu2
2026-03-22 14:07:36 status half-installed dpkg 1.21.1ubuntu2
2026-03-22 14:07:36 status unpacked dpkg:amd64 1.21.1ubuntu2
2026-03-22 14:07:36 configure dpkg:amd64 1.21.1ubuntu2 1.21.1ubuntu2
2026-03-22 14:07:36 status half-configured dpkg:amd64 1.21.1ubuntu2
2026-03-22 14:07:37 status installed dpkg:amd64 1.21.1ubuntu2
2026-03-22 14:07:37 startup archives install
2026-03-22 14:07:37 install libc6:amd64 <none> 2.35-0ubuntu3
2026-03-22 14:07:37 status half-installed libc6:amd64 2.35-0ubuntu3
2026-03-22 14:07:37 status unpacked libc6:amd64 2.35-0ubuntu3
2026-03-22 14:07:37 configure libc6:amd64 2.35-0ubuntu3 2.35-0ubuntu3
2026-03-22 14:07:37 status half-configured libc6:amd64 2.35-0ubuntu3
2026-03-22 14:07:37 status installed libc6:amd64 2.35-0ubuntu3
2026-03-22 14:07:37 startup archives install
2026-03-22 14:07:37 install perl-base:amd64 <none> 5.34.0-3ubuntu1
2026-03-22 14:07:37 status half-installed perl-base:amd64 5.34.0-3ubuntu1
2026-03-22 14:07:37 status unpacked perl-base:amd64 5.34.0-3ubuntu1
2026-03-22 14:07:37 configure perl-base:amd64 5.34.0-3ubuntu1 5.34.0-3ubuntu1
2026-03-22 14:07:37 status half-configured perl-base:amd64 5.34.0-3ubuntu1
2026-03-22 14:07:37 status installed perl-base:amd64 5.34.0-3ubuntu1
2026-03-22 14:07:37 startup archives install
2026-03-22 14:07:37 install mawk:amd64 <none> 1.3.4.20200120-3
2026-03-22 14:07:37 status half-installed mawk:amd64 1.3.4.20200120-3
2026-03-22 14:07:37 status unpacked mawk:amd64 1.3.4.20200120-3
2026-03-22 14:07:37 configure mawk:amd64 1.3.4.20200120-3 1.3.4.20200120-3
2026-03-22 14:07:37 status half-configured mawk:amd64 1.3.4.20200120-3
2026-03-22 14:07:37 status installed mawk:amd64 1.3.4.20200120-3
2026-03-22 14:07:37 startup archives unpack
2026-03-22 14:07:37 upgrade base-files:amd64 12ubuntu4 12ubuntu4
2026-03-22 14:07:37 status half-configured base-files:amd64 12ubuntu4
2026-03-22 14:07:37 status unpacked base-files:amd64 12ubuntu4
2026-03-22 14:07:37 status half-installed base-files:amd64 12ubuntu4
2026-03-22 14:07:37 status unpacked base-files:amd64 12ubuntu4
2026-03-22 14:07:37 upgrade base-passwd:amd64 3.5.52build1 3.5.52build1
2026-03-22 14:07:37 status half-configured base-passwd:amd64 3.5.52build1
2026-03-22 14:07:37 status unpacked base-passwd:amd64 3.5.52build1
2026-03-22 14:07:37 status half-installed base-passwd:amd64 3.5.52build1
2026-03-22 14:07:37 status unpacked base-passwd:amd64 3.5.52build1
2026-03-22 14:07:37 install bash:amd64 <none> 5.1-6ubuntu1
2026-03-22 14:07:37 status half-installed bash:amd64 5.1-6ubuntu1
2026-03-22 14:07:37 status unpacked bash:amd64 5.1-6ubuntu1
2026-03-22 14:07:37 install bsdutils:amd64 <none> 1:2.37.2-4ubuntu3
2026-03-22 14:07:37 status half-installed bsdutils:amd64 1:2.37.2-4ubuntu3
2026-03-22 14:07:37 status unpacked bsdutils:amd64 1:2.37.2-4ubuntu3
2026-03-22 14:07:37 install coreutils:amd64 <none> 8.32-4.1ubuntu1
2026-03-22 14:07:37 status half-installed coreutils:amd64 8.32-4.1ubuntu1
2026-03-22 14:07:38 status unpacked coreutils:amd64 8.32-4.1ubuntu1
2026-03-22 14:07:38 install dash:amd64 <none> 0.5.11+git20210903+057cd650a4ed-3build1
2026-03-22 14:07:38 status half-installed dash:amd64 0.5.11+git20210903+057cd650a4ed-3build1
2026-03-22 14:07:38 status unpacked dash:amd64 0.5.11+git20210903+057cd650a4ed-3build1
2026-03-22 14:07:38 install debconf:all <none> 1.5.79ubuntu1
2026-03-22 14:07:38 status half-installed debconf:all 1.5.79ubuntu1
2026-03-22 14:07:38 status unpacked debconf:all 1.5.79ubuntu1
2026-03-22 14:07:38 install debianutils:amd64 <none> 5.5-1ubuntu2
2026-03-22 14:07:38 status half-installed debianutils:amd64 5.5-1ubuntu2
2026-03-22 14:07:38 status unpacked debianutils:amd64 5.5-1ubuntu2
2026-03-22 14:07:38 install diffutils:amd64 <none> 1:3.8-0ubuntu2
2026-03-22 14:07:38 status half-installed diffutils:amd64 1:3.8-0ubuntu2
2026-03-22 14:07:38 status unpacked diffutils:amd64 1:3.8-0ubuntu2
2026-03-22 14:07:38 upgrade dpkg:amd64 1.21.1ubuntu2 1.21.1ubuntu2
2026-03-22 14:07:38 status half-configured dpkg:amd64 1.21.1ubuntu2
2026-03-22 14:07:38 status unpacked dpkg:amd64 1.21.1ubuntu2
2026-03-22 14:07:38 status half-installed dpkg:amd64 1.21.1ubuntu2
2026-03-22 14:07:38 status unpacked dpkg:amd64 1.21.1ubuntu2
2026-03-22 14:07:38 install e2fsprogs:amd64 <none> 1.46.5-2ubuntu1
2026-03-22 14:07:38 status half-installed e2fsprogs:amd64 1.46.5-2ubuntu1
2026-03-22 14:07:38 status unpacked e2fsprogs:amd64 1.46.5-2ubuntu1
2026-03-22 14:07:38 install findutils:amd64 <none> 4.8.0-1ubuntu3
2026-03-22 14:07:38 status half-installed findutils:amd64 4.8.0-1ubuntu3
2026-03-22 14:07:38 status unpacked findutils:amd64 4.8.0-1ubuntu3
2026-03-22 14:07:38 install gcc-12-base:amd64 <none> 12-20220319-1ubuntu1
2026-03-22 14:07:38 status half-installed gcc-12-base:amd64 12-20220319-1ubuntu1
2026-03-22 14:07:38 status unpacked gcc-12-base:amd64 12-20220319-1ubuntu1
2026-03-22 14:07:38 install grep:amd64 <none> 3.7-1build1
2026-03-22 14:07:38 status half-installed grep:amd64 3.7-1build1
2026-03-22 14:07:38 status unpacked grep:amd64 3.7-1build1
2026-03-22 14:07:38 install gzip:amd64 <none> 1.10-4ubuntu4
2026-03-22 14:07:38 status half-installed gzip:amd64 1.10-4ubuntu4
2026-03-22 14:07:38 status unpacked gzip:amd64 1.10-4ubuntu4
2026-03-22 14:07:38 install hostname:amd64 <none> 3.23ubuntu2
2026-03-22 14:07:38 status half-installed hostname:amd64 3.23ubuntu2
2026-03-22 14:07:38 status unpacked hostname:amd64 3.23ubuntu2
2026-03-22 14:07:38 install init-system-helpers:all <none> 1.62
2026-03-22 14:07:38 status half-installed init-system-helpers:all 1.62
2026-03-22 14:07:38 status unpacked init-system-helpers:all 1.62
2026-03-22 14:07:38 install libacl1:amd64 <none> 2.3.1-1
2026-03-22 14:07:38 status half-installed libacl1:amd64 2.3.1-1
2026-03-22 14:07:38 status unpacked libacl1:amd64 2.3.1-1
2026-03-22 14:07:38 install libattr1:amd64 <none> 1:2.5.1-1build1
2026-03-22 14:07:38 status half-installed libattr1:amd64 1:2.5.1-1build1
2026-03-22 14:07:38 status unpacked libattr1:amd64 1:2.5.1-1build1
2026-03-22 14:07:38 install libaudit-common:all <none> 1:3.0.7-1build1
2026-03-22 14:07:38 status half-installed libaudit-common:all 1:3.0.7-1build1
2026-03-22 14:07:38 status unpacked libaudit-common:all 1:3.0.7-1build1
2026-03-22 14:07:38 install libaudit1:amd64 <none> 1:3.0.7-1build1
2026-03-22 14:07:38 status half-installed libaudit1:amd64 1:3.0.7-1build1
2026-03-22 14:07:38 status unpacked libaudit1:amd64 1:3.0.7-1build1
2026-03-22 14:07:38 install libblkid1:amd64 <none> 2.37.2-4ubuntu3
2026-03-22 14:07:38 status half-installed libblkid1:amd64 2.37.2-4ubuntu3
2026-03-22 14:07:38 status unpacked libblkid1:amd64 2.37.2-4ubuntu3
2026-03-22 14:07:38 install libbz2-1.0:amd64 <none> 1.0.8-5build1
2026-03-22 14:07:38 status half-installed libbz2-1.0:amd64 1.0.8-5build1
2026-03-22 14:07:38 status unpacked libbz2-1.0:amd64 1.0.8-5build1
2026-03-22 14:07:38 install libc-bin:amd64 <none> 2.35-0ubuntu3
2026-03-22 14:07:38 status half-installed libc-bin:amd64 2.35-0ubuntu3
2026-03-22 14:07:38 status unpacked libc-bin:amd64 2.35-0ubuntu3
2026-03-22 14:07:38 upgrade libc6:amd64 2.35-0ubuntu3 2.35-0ubuntu3
2026-03-22 14:07:38 status half-configured libc6:amd64 2.35-0ubuntu3
2026-03-22 14:07:38 status unpacked libc6:amd64 2.35-0ubuntu3
2026-03-22 14:07:38 status half-installed libc6:amd64 2.35-0ubuntu3
2026-03-22 14:07:39 status unpacked libc6:amd64 2.35-0ubuntu3
2026-03-22 14:07:39 install libcap-ng0:amd64 <none> 0.7.9-2.2build3
2026-03-22 14:07:39 status half-installed libcap-ng0:amd64 0.7.9-2.2build3
2026-03-22 14:07:39 status unpacked libcap-ng0:amd64 0.7.9-2.2build3
2026-03-22 14:07:39 install libcap2:amd64 <none> 1:2.44-1build3
2026-03-22 14:07:39 status half-installed libcap2:amd64 1:2.44-1build3
2026-03-22 14:07:39 status unpacked libcap2:amd64 1:2.44-1build3
2026-03-22 14:07:39 install libcom-err2:amd64 <none> 1.46.5-2ubuntu1
2026-03-22 14:07:39 status half-installed libcom-err2:amd64 1.46.5-2ubuntu1
2026-03-22 14:07:39 status unpacked libcom-err2:amd64 1.46.5-2ubuntu1
2026-03-22 14:07:39 install libcrypt1:amd64 <none> 1:4.4.27-1
2026-03-22 14:07:39 status half-installed libcrypt1:amd64 1:4.4.27-1
2026-03-22 14:07:39 status unpacked libcrypt1:amd64 1:4.4.27-1
2026-03-22 14:07:39 install libdb5.3:amd64 <none> 5.3.28+dfsg1-0.8ubuntu3
2026-03-22 14:07:39 status half-installed libdb5.3:amd64 5.3.28+dfsg1-0.8ubuntu3
2026-03-22 14:07:39 status unpacked libdb5.3:amd64 5.3.28+dfsg1-0.8ubuntu3
2026-03-22 14:07:39 install libdebconfclient0:amd64 <none> 0.261ubuntu1
2026-03-22 14:07:39 status half-installed libdebconfclient0:amd64 0.261ubuntu1
2026-03-22 14:07:39 status unpacked libdebconfclient0:amd64 0.261ubuntu1
2026-03-22 14:07:39 install libext2fs2:amd64 <none> 1.46.5-2ubuntu1
2026-03-22 14:07:39 status half-installed libext2fs2:amd64 1.46.5-2ubuntu1
2026-03-22 14:07:39 status unpacked libext2fs2:amd64 1.46.5-2ubuntu1
2026-03-22 14:07:39 install libgcc-s1:amd64 <none> 12-20220319-1ubuntu1
2026-03-22 14:07:39 status half-installed libgcc-s1:amd64 12-20220319-1ubuntu1
2026-03-22 14:07:39 status unpacked libgcc-s1:amd64 12-20220319-1ubuntu1
2026-03-22 14:07:39 install libgcrypt20:amd64 <none> 1.9.4-3ubuntu3
2026-03-22 14:07:39 status half-installed libgcrypt20:amd64 1.9.4-3ubuntu3
2026-03-22 14:07:39 status unpacked libgcrypt20:amd64 1.9.4-3ubuntu3
2026-03-22 14:07:39 install libgmp10:amd64 <none> 2:6.2.1+dfsg-3ubuntu1
2026-03-22 14:07:39 status half-installed libgmp10:amd64 2:6.2.1+dfsg-3ubuntu1
2026-03-22 14:07:39 status unpacked libgmp10:amd64 2:6.2.1+dfsg-3ubuntu1
2026-03-22 14:07:39 install libgpg-error0:amd64 <none> 1.43-3
2026-03-22 14:07:39 status half-installed libgpg-error0:amd64 1.43-3
2026-03-22 14:07:39 status unpacked libgpg-error0:amd64 1.43-3
2026-03-22 14:07:39 install libgssapi-krb5-2:amd64 <none> 1.19.2-2
2026-03-22 14:07:39 status half-installed libgssapi-krb5-2:amd64 1.19.2-2
2026-03-22 14:07:39 status unpacked libgssapi-krb5-2:amd64 1.19.2-2
2026-03-22 14:07:39 install libk5crypto3:amd64 <none> 1.19.2-2
2026-03-22 14:07:39 status half-installed libk5crypto3:amd64 1.19.2-2
2026-03-22 14:07:39 status unpacked libk5crypto3:amd64 1.19.2-2
2026-03-22 14:07:39 install libkeyutils1:amd64 <none> 1.6.1-2ubuntu3
2026-03-22 14:07:39 status half-installed libkeyutils1:amd64 1.6.1-2ubuntu3
2026-03-22 14:07:39 status unpacked libkeyutils1:amd64 1.6.1-2ubuntu3
2026-03-22 14:07:39 install libkrb5-3:amd64 <none> 1.19.2-2
2026-03-22 14:07:39 status half-installed libkrb5-3:amd64 1.19.2-2
2026-03-22 14:07:39 status unpacked libkrb5-3:amd64 1.19.2-2
2026-03-22 14:07:39 install libkrb5support0:amd64 <none> 1.19.2-2
2026-03-22 14:07:39 status half-installed libkrb5support0:amd64 1.19.2-2
2026-03-22 14:07:39 status unpacked libkrb5support0:amd64 1.19.2-2
2026-03-22 14:07:39 install liblz4-1:amd64 <none> 1.9.3-2build2
2026-03-22 14:07:39 status half-installed liblz4-1:amd64 1.9.3-2build2
2026-03-22 14:07:39 status unpacked liblz4-1:amd64 1.9.3-2build2
2026-03-22 14:07:39 install liblzma5:amd64 <none> 5.2.5-2ubuntu1
2026-03-22 14:07:39 status half-installed liblzma5:amd64 5.2.5-2ubuntu1
2026-03-22 14:07:39 status unpacked liblzma5:amd64 5.2.5-2ubuntu1
2026-03-22 14:07:39 install libmount1:amd64 <none> 2.37.2-4ubuntu3
2026-03-22 14:07:39 status half-installed libmount1:amd64 2.37.2-4ubuntu3
2026-03-22 14:07:39 status unpacked libmount1:amd64 2.37.2-4ubuntu3
2026-03-22 14:07:39 install libncurses6:amd64 <none> 6.3-2
2026-03-22 14:07:39 status half-installed libncurses6:amd64 6.3-2
2026-03-22 14:07:39 status unpacked libncurses6:amd64 6.3-2
2026-03-22 14:07:39 install libncursesw6:amd64 <none> 6.3-2
2026-03-22 14:07:39 status half-installed libncursesw6:amd64 6.3-2
2026-03-22 14:07:39 status unpacked libncursesw6:amd64 6.3-2
2026-03-22 14:07:39 install libnsl2:amd64 <none> 1.3.0-2build2
2026-03-22 14:07:39 status half-installed libnsl2:amd64 1.3.0-2build2
2026-03-22 14:07:39 status unpacked libnsl2:amd64 1.3.0-2build2
2026-03-22 14:07:39 install libpam-modules:amd64 <none> 1.4.0-11ubuntu2
2026-03-22 14:07:39 status half-installed libpam-modules:amd64 1.4.0-11ubuntu2
2026-03-22 14:07:39 status unpacked libpam-modules:amd64 1.4.0-11ubuntu2
2026-03-22 14:07:39 install libpam-modules-bin:amd64 <none> 1.4.0-11ubuntu2
2026-03-22 14:07:39 status half-installed libpam-modules-bin:amd64 1.4.0-11ubuntu2
2026-03-22 14:07:39 status unpacked libpam-modules-bin:amd64 1.4.0-11ubuntu2
2026-03-22 14:07:39 install libpam-runtime:all <none> 1.4.0-11ubuntu2
2026-03-22 14:07:39 status half-installed libpam-runtime:all 1.4.0-11ubuntu2
2026-03-22 14:07:40 status unpacked libpam-runtime:all 1.4.0-11ubuntu2
2026-03-22 14:07:40 install libpam0g:amd64 <none> 1.4.0-11ubuntu2
2026-03-22 14:07:40 status half-installed libpam0g:amd64 1.4.0-11ubuntu2
2026-03-22 14:07:40 status unpacked libpam0g:amd64 1.4.0-11ubuntu2
2026-03-22 14:07:40 install libpcre2-8-0:amd64 <none> 10.39-3build1
2026-03-22 14:07:40 status half-installed libpcre2-8-0:amd64 10.39-3build1
2026-03-22 14:07:40 status unpacked libpcre2-8-0:amd64 10.39-3build1
2026-03-22 14:07:40 install libpcre3:amd64 <none> 2:8.39-13build5
2026-03-22 14:07:40 status half-installed libpcre3:amd64 2:8.39-13build5
2026-03-22 14:07:40 status unpacked libpcre3:amd64 2:8.39-13build5
2026-03-22 14:07:40 install libprocps8:amd64 <none> 2:3.3.17-6ubuntu2
2026-03-22 14:07:40 status half-installed libprocps8:amd64 2:3.3.17-6ubuntu2
2026-03-22 14:07:40 status unpacked libprocps8:amd64 2:3.3.17-6ubuntu2
2026-03-22 14:07:40 install libselinux1:amd64 <none> 3.3-1build2
2026-03-22 14:07:40 status half-installed libselinux1:amd64 3.3-1build2
2026-03-22 14:07:40 status unpacked libselinux1:amd64 3.3-1build2
2026-03-22 14:07:40 install libsemanage-common:all <none> 3.3-1build2
2026-03-22 14:07:40 status half-installed libsemanage-common:all 3.3-1build2
2026-03-22 14:07:40 status unpacked libsemanage-common:all 3.3-1build2
2026-03-22 14:07:40 install libsemanage2:amd64 <none> 3.3-1build2
2026-03-22 14:07:40 status half-installed libsemanage2:amd64 3.3-1build2
2026-03-22 14:07:40 status unpacked libsemanage2:amd64 3.3-1build2
2026-03-22 14:07:40 install libsepol2:amd64 <none> 3.3-1build1
2026-03-22 14:07:40 status half-installed libsepol2:amd64 3.3-1build1
2026-03-22 14:07:40 status unpacked libsepol2:amd64 3.3-1build1
2026-03-22 14:07:40 install libsmartcols1:amd64 <none> 2.37.2-4ubuntu3
2026-03-22 14:07:40 status half-installed libsmartcols1:amd64 2.37.2-4ubuntu3
2026-03-22 14:07:40 status unpacked libsmartcols1:amd64 2.37.2-4ubuntu3
2026-03-22 14:07:40 install libss2:amd64 <none> 1.46.5-2ubuntu1
2026-03-22 14:07:40 status half-installed libss2:amd64 1.46.5-2ubuntu1
2026-03-22 14:07:40 status unpacked libss2:amd64 1.46.5-2ubuntu1
2026-03-22 14:07:40 install libssl3:amd64 <none> 3.0.2-0ubuntu1
2026-03-22 14:07:40 status half-installed libssl3:amd64 3.0.2-0ubuntu1
2026-03-22 14:07:40 status unpacked libssl3:amd64 3.0.2-0ubuntu1
2026-03-22 14:07:40 install libsystemd0:amd64 <none> 249.11-0ubuntu3
2026-03-22 14:07:40 status half-installed libsystemd0:amd64 249.11-0ubuntu3
2026-03-22 14:07:40 status unpacked libsystemd0:amd64 249.11-0ubuntu3
2026-03-22 14:07:40 install libtinfo6:amd64 <none> 6.3-2
2026-03-22 14:07:40 status half-installed libtinfo6:amd64 6.3-2
2026-03-22 14:07:40 status unpacked libtinfo6:amd64 6.3-2
2026-03-22 14:07:40 install libtirpc-common:all <none> 1.3.2-2build1
2026-03-22 14:07:40 status half-installed libtirpc-common:all 1.3.2-2build1
2026-03-22 14:07:40 status unpacked libtirpc-common:all 1.3.2-2build1
2026-03-22 14:07:40 install libtirpc3:amd64 <none> 1.3.2-2build1
2026-03-22 14:07:40 status half-installed libtirpc3:amd64 1.3.2-2build1
2026-03-22 14:07:40 status unpacked libtirpc3:amd64 1.3.2-2build1
2026-03-22 14:07:40 install libudev1:amd64 <none> 249.11-0ubuntu3
2026-03-22 14:07:40 status half-installed libudev1:amd64 249.11-0ubuntu3
2026-03-22 14:07:40 status unpacked libudev1:amd64 249.11-0ubuntu3
2026-03-22 14:07:40 install libuuid1:amd64 <none> 2.37.2-4ubuntu3
2026-03-22 14:07:40 status half-installed libuuid1:amd64 2.37.2-4ubuntu3
2026-03-22 14:07:40 status unpacked libuuid1:amd64 2.37.2-4ubuntu3
2026-03-22 14:07:40 install libzstd1:amd64 <none> 1.4.8+dfsg-3build1
2026-03-22 14:07:40 status half-installed libzstd1:amd64 1.4.8+dfsg-3build1
2026-03-22 14:07:40 status unpacked libzstd1:amd64 1.4.8+dfsg-3build1
2026-03-22 14:07:40 install login:amd64 <none> 1:4.8.1-2ubuntu2
2026-03-22 14:07:40 status half-installed login:amd64 1:4.8.1-2ubuntu2
2026-03-22 14:07:40 status unpacked login:amd64 1:4.8.1-2ubuntu2
2026-03-22 14:07:40 install logsave:amd64 <none> 1.46.5-2ubuntu1
2026-03-22 14:07:40 status half-installed logsave:amd64 1.46.5-2ubuntu1
2026-03-22 14:07:40 status unpacked logsave:amd64 1.46.5-2ubuntu1
2026-03-22 14:07:40 install lsb-base:all <none> 11.1.0ubuntu4
2026-03-22 14:07:40 status half-installed lsb-base:all 11.1.0ubuntu4
2026-03-22 14:07:40 status unpacked lsb-base:all 11.1.0ubuntu4
2026-03-22 14:07:40 upgrade mawk:amd64 1.3.4.20200120-3 1.3.4.20200120-3
2026-03-22 14:07:40 status half-configured mawk:amd64 1.3.4.20200120-3
2026-03-22 14:07:40 status unpacked mawk:amd64 1.3.4.20200120-3
2026-03-22 14:07:40 status half-installed mawk:amd64 1.3.4.20200120-3
2026-03-22 14:07:40 status unpacked mawk:amd64 1.3.4.20200120-3
2026-03-22 14:07:40 install mount:amd64 <none> 2.37.2-4ubuntu3
2026-03-22 14:07:40 status half-installed mount:amd64 2.37.2-4ubuntu3
2026-03-22 14:07:40 status unpacked mount:amd64 2.37.2-4ubuntu3
2026-03-22 14:07:40 install ncurses-base:all <none> 6.3-2
2026-03-22 14:07:40 status half-installed ncurses-base:all 6.3-2
2026-03-22 14:07:40 status unpacked ncurses-base:all 6.3-2
2026-03-22 14:07:40 install ncurses-bin:amd64 <none> 6.3-2
2026-03-22 14:07:40 status half-installed ncurses-bin:amd64 6.3-2
2026-03-22 14:07:40 status unpacked ncurses-bin:amd64 6.3-2
2026-03-22 14:07:40 install passwd:amd64 <none> 1:4.8.1-2ubuntu2
2026-03-22 14:07:40 status half-installed passwd:amd64 1:4.8.1-2ubuntu2
2026-03-22 14:07:41 status unpacked passwd:amd64 1:4.8.1-2ubuntu2
2026-03-22 14:07:41 upgrade perl-base:amd64 5.34.0-3ubuntu1 5.34.0-3ubuntu1
2026-03-22 14:07:41 status half-configured perl-base:amd64 5.34.0-3ubuntu1
2026-03-22 14:07:41 status unpacked perl-base:amd64 5.34.0-3ubuntu1
2026-03-22 14:07:41 status half-installed perl-base:amd64 5.34.0-3ubuntu1
2026-03-22 14:07:41 status unpacked perl-base:amd64 5.34.0-3ubuntu1
2026-03-22 14:07:41 install procps:amd64 <none> 2:3.3.17-6ubuntu2
2026-03-22 14:07:41 status half-installed procps:amd64 2:3.3.17-6ubuntu2
2026-03-22 14:07:41 status unpacked procps:amd64 2:3.3.17-6ubuntu2
2026-03-22 14:07:41 install sed:amd64 <none> 4.8-1ubuntu2
2026-03-22 14:07:41 status half-installed sed:amd64 4.8-1ubuntu2
2026-03-22 14:07:41 status unpacked sed:amd64 4.8-1ubuntu2
2026-03-22 14:07:41 install sensible-utils:all <none> 0.0.17
2026-03-22 14:07:41 status half-installed sensible-utils:all 0.0.17
2026-03-22 14:07:41 status unpacked sensible-utils:all 0.0.17
2026-03-22 14:07:41 install sysvinit-utils:amd64 <none> 3.01-1ubuntu1
2026-03-22 14:07:41 status half-installed sysvinit-utils:amd64 3.01-1ubuntu1
2026-03-22 14:07:41 status unpacked sysvinit-utils:amd64 3.01-1ubuntu1
2026-03-22 14:07:41 install tar:amd64 <none> 1.34+dfsg-1build3
2026-03-22 14:07:41 status half-installed tar:amd64 1.34+dfsg-1build3
2026-03-22 14:07:41 status unpacked tar:amd64 1.34+dfsg-1build3
2026-03-22 14:07:41 install usrmerge:all <none> 25ubuntu2
2026-03-22 14:07:41 status half-installed usrmerge:all 25ubuntu2
2026-03-22 14:07:41 status unpacked usrmerge:all 25ubuntu2
2026-03-22 14:07:41 install util-linux:amd64 <none> 2.37.2-4ubuntu3
2026-03-22 14:07:41 status half-installed util-linux:amd64 2.37.2-4ubuntu3
2026-03-22 14:07:41 status unpacked util-linux:amd64 2.37.2-4ubuntu3
2026-03-22 14:07:41 install zlib1g:amd64 <none> 1:1.2.11.dfsg-2ubuntu9
2026-03-22 14:07:41 status half-installed zlib1g:amd64 1:1.2.11.dfsg-2ubuntu9
2026-03-22 14:07:41 status unpacked zlib1g:amd64 1:1.2.11.dfsg-2ubuntu9
2026-03-22 14:07:41 startup packages configure
2026-03-22 14:07:41 configure lsb-base:all 11.1.0ubuntu4 <none>
2026-03-22 14:07:41 status unpacked lsb-base:all 11.1.0ubuntu4
2026-03-22 14:07:41 status half-configured lsb-base:all 11.1.0ubuntu4
2026-03-22 14:07:41 status installed lsb-base:all 11.1.0ubuntu4
2026-03-22 14:07:41 configure libtirpc-common:all 1.3.2-2build1 <none>
2026-03-22 14:07:41 status unpacked libtirpc-common:all 1.3.2-2build1
2026-03-22 14:07:41 status half-configured libtirpc-common:all 1.3.2-2build1
2026-03-22 14:07:41 status installed libtirpc-common:all 1.3.2-2build1
2026-03-22 14:07:41 configure libaudit-common:all 1:3.0.7-1build1 <none>
2026-03-22 14:07:41 status unpacked libaudit-common:all 1:3.0.7-1build1
2026-03-22 14:07:41 status half-configured libaudit-common:all 1:3.0.7-1build1
2026-03-22 14:07:41 status installed libaudit-common:all 1:3.0.7-1build1
2026-03-22 14:07:41 configure libsemanage-common:all 3.3-1build2 <none>
2026-03-22 14:07:41 status unpacked libsemanage-common:all 3.3-1build2
2026-03-22 14:07:41 status half-configured libsemanage-common:all 3.3-1build2
2026-03-22 14:07:41 status installed libsemanage-common:all 3.3-1build2
2026-03-22 14:07:41 configure gcc-12-base:amd64 12-20220319-1ubuntu1 <none>
2026-03-22 14:07:41 status unpacked gcc-12-base:amd64 12-20220319-1ubuntu1
2026-03-22 14:07:41 status half-configured gcc-12-base:amd64 12-20220319-1ubuntu1
2026-03-22 14:07:41 status installed gcc-12-base:amd64 12-20220319-1ubuntu1
2026-03-22 14:07:41 configure ncurses-base:all 6.3-2 <none>
2026-03-22 14:07:41 status unpacked ncurses-base:all 6.3-2
2026-03-22 14:07:41 status half-configured ncurses-base:all 6.3-2
2026-03-22 14:07:41 status installed ncurses-base:all 6.3-2
2026-03-22 14:07:41 configure sensible-utils:all 0.0.17 <none>
2026-03-22 14:07:41 status unpacked sensible-utils:all 0.0.17
2026-03-22 14:07:41 status half-configured sensible-utils:all 0.0.17
2026-03-22 14:07:41 status installed sensible-utils:all 0.0.17
2026-03-22 14:07:41 configure libcrypt1:amd64 1:4.4.27-1 <none>
2026-03-22 14:07:41 status unpacked libcrypt1:amd64 1:4.4.27-1
2026-03-22 14:07:41 status half-configured libcrypt1:amd64 1:4.4.27-1
2026-03-22 14:07:41 status installed libcrypt1:amd64 1:4.4.27-1
2026-03-22 14:07:41 configure libgcc-s1:amd64 12-20220319-1ubuntu1 <none>
2026-03-22 14:07:41 status unpacked libgcc-s1:amd64 12-20220319-1ubuntu1
2026-03-22 14:07:41 status half-configured libgcc-s1:amd64 12-20220319-1ubuntu1
2026-03-22 14:07:41 status installed libgcc-s1:amd64 12-20220319-1ubuntu1
2026-03-22 14:07:41 configure libc6:amd64 2.35-0ubuntu3 <none>
2026-03-22 14:07:41 status unpacked libc6:amd64 2.35-0ubuntu3
2026-03-22 14:07:41 status half-configured libc6:amd64 2.35-0ubuntu3
2026-03-22 14:07:42 status installed libc6:amd64 2.35-0ubuntu3
2026-03-22 14:07:42 configure libudev1:amd64 249.11-0ubuntu3 <none>
2026-03-22 14:07:42 status unpacked libudev1:amd64 249.11-0ubuntu3
2026-03-22 14:07:42 status half-configured libudev1:amd64 249.11-0ubuntu3
2026-03-22 14:07:42 status installed libudev1:amd64 249.11-0ubuntu3
2026-03-22 14:07:42 configure libattr1:amd64 1:2.5.1-1build1 <none>
2026-03-22 14:07:42 status unpacked libattr1:amd64 1:2.5.1-1build1
2026-03-22 14:07:42 status half-configured libattr1:amd64 1:2.5.1-1build1
2026-03-22 14:07:42 status installed libattr1:amd64 1:2.5.1-1build1
2026-03-22 14:07:42 configure sysvinit-utils:amd64 3.01-1ubuntu1 <none>
2026-03-22 14:07:42 status unpacked sysvinit-utils:amd64 3.01-1ubuntu1
2026-03-22 14:07:42 status half-configured sysvinit-utils:amd64 3.01-1ubuntu1
2026-03-22 14:07:42 status installed sysvinit-utils:amd64 3.01-1ubuntu1
2026-03-22 14:07:42 configure debianutils:amd64 5.5-1ubuntu2 <none>
2026-03-22 14:07:42 status unpacked debianutils:amd64 5.5-1ubuntu2
2026-03-22 14:07:42 status half-configured debianutils:amd64 5.5-1ubuntu2
2026-03-22 14:07:42 status installed debianutils:amd64 5.5-1ubuntu2
2026-03-22 14:07:42 configure mawk:amd64 1.3.4.20200120-3 <none>
2026-03-22 14:07:42 status unpacked mawk:amd64 1.3.4.20200120-3
2026-03-22 14:07:42 status half-configured mawk:amd64 1.3.4.20200120-3
2026-03-22 14:07:42 status installed mawk:amd64 1.3.4.20200120-3
2026-03-22 14:07:42 configure libdebconfclient0:amd64 0.261ubuntu1 <none>
2026-03-22 14:07:42 status unpacked libdebconfclient0:amd64 0.261ubuntu1
2026-03-22 14:07:42 status half-configured libdebconfclient0:amd64 0.261ubuntu1
2026-03-22 14:07:42 status installed libdebconfclient0:amd64 0.261ubuntu1
2026-03-22 14:07:42 configure base-files:amd64 12ubuntu4 <none>
2026-03-22 14:07:42 status unpacked base-files:amd64 12ubuntu4
2026-03-22 14:07:42 status half-configured base-files:amd64 12ubuntu4
2026-03-22 14:07:42 status installed base-files:amd64 12ubuntu4
2026-03-22 14:07:42 configure libbz2-1.0:amd64 1.0.8-5build1 <none>
2026-03-22 14:07:42 status unpacked libbz2-1.0:amd64 1.0.8-5build1
2026-03-22 14:07:42 status half-configured libbz2-1.0:amd64 1.0.8-5build1
2026-03-22 14:07:42 status installed libbz2-1.0:amd64 1.0.8-5build1
2026-03-22 14:07:42 configure base-passwd:amd64 3.5.52build1 <none>
2026-03-22 14:07:42 status unpacked base-passwd:amd64 3.5.52build1
2026-03-22 14:07:42 status half-configured base-passwd:amd64 3.5.52build1
2026-03-22 14:07:42 status installed base-passwd:amd64 3.5.52build1
2026-03-22 14:07:42 configure libdb5.3:amd64 5.3.28+dfsg1-0.8ubuntu3 <none>
2026-03-22 14:07:42 status unpacked libdb5.3:amd64 5.3.28+dfsg1-0.8ubuntu3
2026-03-22 14:07:42 status half-configured libdb5.3:amd64 5.3.28+dfsg1-0.8ubuntu3
2026-03-22 14:07:42 status installed libdb5.3:amd64 5.3.28+dfsg1-0.8ubuntu3
2026-03-22 14:07:42 configure libblkid1:amd64 2.37.2-4ubuntu3 <none>
2026-03-22 14:07:42 status unpacked libblkid1:amd64 2.37.2-4ubuntu3
2026-03-22 14:07:42 status half-configured libblkid1:amd64 2.37.2-4ubuntu3
2026-03-22 14:07:42 status installed libblkid1:amd64 2.37.2-4ubuntu3
2026-03-22 14:07:42 configure libtinfo6:amd64 6.3-2 <none>
2026-03-22 14:07:42 status unpacked libtinfo6:amd64 6.3-2
2026-03-22 14:07:42 status half-configured libtinfo6:amd64 6.3-2
2026-03-22 14:07:42 status installed libtinfo6:amd64 6.3-2
2026-03-22 14:07:42 configure bash:amd64 5.1-6ubuntu1 <none>
2026-03-22 14:07:42 status unpacked bash:amd64 5.1-6ubuntu1
2026-03-22 14:07:42 status half-configured bash:amd64 5.1-6ubuntu1
2026-03-22 14:07:42 status installed bash:amd64 5.1-6ubuntu1
2026-03-22 14:07:42 configure libzstd1:amd64 1.4.8+dfsg-3build1 <none>
2026-03-22 14:07:42 status unpacked libzstd1:amd64 1.4.8+dfsg-3build1
2026-03-22 14:07:42 status half-configured libzstd1:amd64 1.4.8+dfsg-3build1
2026-03-22 14:07:42 status installed libzstd1:amd64 1.4.8+dfsg-3build1
2026-03-22 14:07:42 configure libkeyutils1:amd64 1.6.1-2ubuntu3 <none>
2026-03-22 14:07:42 status unpacked libkeyutils1:amd64 1.6.1-2ubuntu3
2026-03-22 14:07:42 status half-configured libkeyutils1:amd64 1.6.1-2ubuntu3
2026-03-22 14:07:42 status installed libkeyutils1:amd64 1.6.1-2ubuntu3
2026-03-22 14:07:42 configure liblzma5:amd64 5.2.5-2ubuntu1 <none>
2026-03-22 14:07:42 status unpacked liblzma5:amd64 5.2.5-2ubuntu1
2026-03-22 14:07:42 status half-configured liblzma5:amd64 5.2.5-2ubuntu1
2026-03-22 14:07:42 status installed liblzma5:amd64 5.2.5-2ubuntu1
2026-03-22 14:07:42 configure libgpg-error0:amd64 1.43-3 <none>
2026-03-22 14:07:42 status unpacked libgpg-error0:amd64 1.43-3
2026-03-22 14:07:42 status half-configured libgpg-error0:amd64 1.43-3
2026-03-22 14:07:42 status installed libgpg-error0:amd64 1.43-3
2026-03-22 14:07:42 configure liblz4-1:amd64 1.9.3-2build2 <none>
2026-03-22 14:07:42 status unpacked liblz4-1:amd64 1.9.3-2build2
2026-03-22 14:07:42 status half-configured liblz4-1:amd64 1.9.3-2build2
2026-03-22 14:07:42 status installed liblz4-1:amd64 1.9.3-2build2
2026-03-22 14:07:42 configure libc-bin:amd64 2.35-0ubuntu3 <none>
2026-03-22 14:07:42 status unpacked libc-bin:amd64 2.35-0ubuntu3
2026-03-22 14:07:42 status half-configured libc-bin:amd64 2.35-0ubuntu3
2026-03-22 14:07:42 status installed libc-bin:amd64 2.35-0ubuntu3
2026-03-22 14:07:42 configure ncurses-bin:amd64 6.3-2 <none>
2026-03-22 14:07:42 status unpacked ncurses-bin:amd64 6.3-2
2026-03-22 14:07:42 status half-configured ncurses-bin:amd64 6.3-2
2026-03-22 14:07:42 status installed ncurses-bin:amd64 6.3-2
2026-03-22 14:07:42 configure libacl1:amd64 2.3.1-1 <none>
2026-03-22 14:07:42 status triggers-pending libc-bin:amd64 2.35-0ubuntu3
2026-03-22 14:07:42 status unpacked libacl1:amd64 2.3.1-1
2026-03-22 14:07:42 status half-configured libacl1:amd64 2.3.1-1
2026-03-22 14:07:42 status installed libacl1:amd64 2.3.1-1
2026-03-22 14:07:42 configure libsmartcols1:amd64 2.37.2-4ubuntu3 <none>
2026-03-22 14:07:42 status unpacked libsmartcols1:amd64 2.37.2-4ubuntu3
2026-03-22 14:07:42 status half-configured libsmartcols1:amd64 2.37.2-4ubuntu3
2026-03-22 14:07:42 status installed libsmartcols1:amd64 2.37.2-4ubuntu3
2026-03-22 14:07:42 configure libgcrypt20:amd64 1.9.4-3ubuntu3 <none>
2026-03-22 14:07:42 status unpacked libgcrypt20:amd64 1.9.4-3ubuntu3
2026-03-22 14:07:42 status half-configured libgcrypt20:amd64 1.9.4-3ubuntu3
2026-03-22 14:07:42 status installed libgcrypt20:amd64 1.9.4-3ubuntu3
2026-03-22 14:07:42 configure zlib1g:amd64 1:1.2.11.dfsg-2ubuntu9 <none>
2026-03-22 14:07:42 status unpacked zlib1g:amd64 1:1.2.11.dfsg-2ubuntu9
2026-03-22 14:07:42 status half-configured zlib1g:amd64 1:1.2.11.dfsg-2ubuntu9
2026-03-22 14:07:42 status installed zlib1g:amd64 1:1.2.11.dfsg-2ubuntu9
2026-03-22 14:07:42 configure libcom-err2:amd64 1.46.5-2ubuntu1 <none>
2026-03-22 14:07:42 status unpacked libcom-err2:amd64 1.46.5-2ubuntu1
2026-03-22 14:07:42 status half-configured libcom-err2:amd64 1.46.5-2ubuntu1
2026-03-22 14:07:42 status installed libcom-err2:amd64 1.46.5-2ubuntu1
2026-03-22 14:07:42 configure diffutils:amd64 1:3.8-0ubuntu2 <none>
2026-03-22 14:07:42 status unpacked diffutils:amd64 1:3.8-0ubuntu2
2026-03-22 14:07:42 status half-configured diffutils:amd64 1:3.8-0ubuntu2
2026-03-22 14:07:42 status installed diffutils:amd64 1:3.8-0ubuntu2
2026-03-22 14:07:42 configure libcap2:amd64 1:2.44-1build3 <none>
2026-03-22 14:07:42 status unpacked libcap2:amd64 1:2.44-1build3
2026-03-22 14:07:42 status half-configured libcap2:amd64 1:2.44-1build3
2026-03-22 14:07:42 status installed libcap2:amd64 1:2.44-1build3
2026-03-22 14:07:42 configure libkrb5support0:amd64 1.19.2-2 <none>
2026-03-22 14:07:42 status unpacked libkrb5support0:amd64 1.19.2-2
2026-03-22 14:07:42 status half-configured libkrb5support0:amd64 1.19.2-2
2026-03-22 14:07:42 status installed libkrb5support0:amd64 1.19.2-2
2026-03-22 14:07:42 configure hostname:amd64 3.23ubuntu2 <none>
2026-03-22 14:07:42 status unpacked hostname:amd64 3.23ubuntu2
2026-03-22 14:07:42 status half-configured hostname:amd64 3.23ubuntu2
2026-03-22 14:07:42 status installed hostname:amd64 3.23ubuntu2
2026-03-22 14:07:42 configure libpcre3:amd64 2:8.39-13build5 <none>
2026-03-22 14:07:42 status unpacked libpcre3:amd64 2:8.39-13build5
2026-03-22 14:07:42 status half-configured libpcre3:amd64 2:8.39-13build5
2026-03-22 14:07:42 status installed libpcre3:amd64 2:8.39-13build5
2026-03-22 14:07:42 configure libcap-ng0:amd64 0.7.9-2.2build3 <none>
2026-03-22 14:07:42 status unpacked libcap-ng0:amd64 0.7.9-2.2build3
2026-03-22 14:07:42 status half-configured libcap-ng0:amd64 0.7.9-2.2build3
2026-03-22 14:07:42 status installed libcap-ng0:amd64 0.7.9-2.2build3
2026-03-22 14:07:42 configure libext2fs2:amd64 1.46.5-2ubuntu1 <none>
2026-03-22 14:07:42 status unpacked libext2fs2:amd64 1.46.5-2ubuntu1
2026-03-22 14:07:42 status half-configured libext2fs2:amd64 1.46.5-2ubuntu1
2026-03-22 14:07:42 status installed libext2fs2:amd64 1.46.5-2ubuntu1
2026-03-22 14:07:42 configure libgmp10:amd64 2:6.2.1+dfsg-3ubuntu1 <none>
2026-03-22 14:07:42 status unpacked libgmp10:amd64 2:6.2.1+dfsg-3ubuntu1
2026-03-22 14:07:42 status half-configured libgmp10:amd64 2:6.2.1+dfsg-3ubuntu1
2026-03-22 14:07:42 status installed libgmp10:amd64 2:6.2.1+dfsg-3ubuntu1
2026-03-22 14:07:42 configure libncurses6:amd64 6.3-2 <none>
2026-03-22 14:07:42 status unpacked libncurses6:amd64 6.3-2
2026-03-22 14:07:42 status half-configured libncurses6:amd64 6.3-2
2026-03-22 14:07:42 status installed libncurses6:amd64 6.3-2
2026-03-22 14:07:42 configure libaudit1:amd64 1:3.0.7-1build1 <none>
2026-03-22 14:07:42 status unpacked libaudit1:amd64 1:3.0.7-1build1
2026-03-22 14:07:42 status half-configured libaudit1:amd64 1:3.0.7-1build1
2026-03-22 14:07:42 status installed libaudit1:amd64 1:3.0.7-1build1
2026-03-22 14:07:42 configure libuuid1:amd64 2.37.2-4ubuntu3 <none>
2026-03-22 14:07:42 status unpacked libuuid1:amd64 2.37.2-4ubuntu3
2026-03-22 14:07:42 status half-configured libuuid1:amd64 2.37.2-4ubuntu3
2026-03-22 14:07:42 status installed libuuid1:amd64 2.37.2-4ubuntu3
2026-03-22 14:07:42 configure libss2:amd64 1.46.5-2ubuntu1 <none>
2026-03-22 14:07:42 status unpacked libss2:amd64 1.46.5-2ubuntu1
2026-03-22 14:07:42 status half-configured libss2:amd64 1.46.5-2ubuntu1
2026-03-22 14:07:42 status installed libss2:amd64 1.46.5-2ubuntu1
2026-03-22 14:07:42 configure libsepol2:amd64 3.3-1build1 <none>
2026-03-22 14:07:42 status unpacked libsepol2:amd64 3.3-1build1
2026-03-22 14:07:42 status half-configured libsepol2:amd64 3.3-1build1
2026-03-22 14:07:42 status installed libsepol2:amd64 3.3-1build1
2026-03-22 14:07:42 configure libpcre2-8-0:amd64 10.39-3build1 <none>
2026-03-22 14:07:42 status unpacked libpcre2-8-0:amd64 10.39-3build1
2026-03-22 14:07:42 status half-configured libpcre2-8-0:amd64 10.39-3build1
2026-03-22 14:07:42 status installed libpcre2-8-0:amd64 10.39-3build1
2026-03-22 14:07:42 configure libncursesw6:amd64 6.3-2 <none>
2026-03-22 14:07:42 status unpacked libncursesw6:amd64 6.3-2
2026-03-22 14:07:42 status half-configured libncursesw6:amd64 6.3-2
2026-03-22 14:07:42 status installed libncursesw6:amd64 6.3-2
2026-03-22 14:07:42 configure libk5crypto3:amd64 1.19.2-2 <none>
2026-03-22 14:07:42 status unpacked libk5crypto3:amd64 1.19.2-2
2026-03-22 14:07:42 status half-configured libk5crypto3:amd64 1.19.2-2
2026-03-22 14:07:42 status installed libk5crypto3:amd64 1.19.2-2
2026-03-22 14:07:42 configure logsave:amd64 1.46.5-2ubuntu1 <none>
2026-03-22 14:07:42 status unpacked logsave:amd64 1.46.5-2ubuntu1
2026-03-22 14:07:42 status half-configured logsave:amd64 1.46.5-2ubuntu1
2026-03-22 14:07:42 status installed logsave:amd64 1.46.5-2ubuntu1
2026-03-22 14:07:42 configure e2fsprogs:amd64 1.46.5-2ubuntu1 <none>
2026-03-22 14:07:42 status unpacked e2fsprogs:amd64 1.46.5-2ubuntu1
2026-03-22 14:07:42 status half-configured e2fsprogs:amd64 1.46.5-2ubuntu1
2026-03-22 14:07:42 status installed e2fsprogs:amd64 1.46.5-2ubuntu1
2026-03-22 14:07:42 configure libsystemd0:amd64 249.11-0ubuntu3 <none>
2026-03-22 14:07:42 status unpacked libsystemd0:amd64 249.11-0ubuntu3
2026-03-22 14:07:42 status half-configured libsystemd0:amd64 249.11-0ubuntu3
2026-03-22 14:07:42 status installed libsystemd0:amd64 249.11-0ubuntu3
2026-03-22 14:07:42 configure libselinux1:amd64 3.3-1build2 <none>
2026-03-22 14:07:42 status unpacked libselinux1:amd64 3.3-1build2
2026-03-22 14:07:42 status half-configured libselinux1:amd64 3.3-1build2
2026-03-22 14:07:42 status installed libselinux1:amd64 3.3-1build2
2026-03-22 14:07:42 configure sed:amd64 4.8-1ubuntu2 <none>
2026-03-22 14:07:42 status unpacked sed:amd64 4.8-1ubuntu2
2026-03-22 14:07:42 status half-configured sed:amd64 4.8-1ubuntu2
2026-03-22 14:07:42 status installed sed:amd64 4.8-1ubuntu2
2026-03-22 14:07:42 configure findutils:amd64 4.8.0-1ubuntu3 <none>
2026-03-22 14:07:42 status unpacked findutils:amd64 4.8.0-1ubuntu3
2026-03-22 14:07:42 status half-configured findutils:amd64 4.8.0-1ubuntu3
2026-03-22 14:07:42 status installed findutils:amd64 4.8.0-1ubuntu3
2026-03-22 14:07:42 configure libmount1:amd64 2.37.2-4ubuntu3 <none>
2026-03-22 14:07:42 status unpacked libmount1:amd64 2.37.2-4ubuntu3
2026-03-22 14:07:42 status half-configured libmount1:amd64 2.37.2-4ubuntu3
2026-03-22 14:07:42 status installed libmount1:amd64 2.37.2-4ubuntu3
2026-03-22 14:07:42 configure libsemanage2:amd64 3.3-1build2 <none>
2026-03-22 14:07:42 status unpacked libsemanage2:amd64 3.3-1build2
2026-03-22 14:07:42 status half-configured libsemanage2:amd64 3.3-1build2
2026-03-22 14:07:42 status installed libsemanage2:amd64 3.3-1build2
2026-03-22 14:07:42 configure libprocps8:amd64 2:3.3.17-6ubuntu2 <none>
2026-03-22 14:07:42 status unpacked libprocps8:amd64 2:3.3.17-6ubuntu2
2026-03-22 14:07:42 status half-configured libprocps8:amd64 2:3.3.17-6ubuntu2
2026-03-22 14:07:42 status installed libprocps8:amd64 2:3.3.17-6ubuntu2
2026-03-22 14:07:42 configure bsdutils:amd64 1:2.37.2-4ubuntu3 <none>
2026-03-22 14:07:42 status unpacked bsdutils:amd64 1:2.37.2-4ubuntu3
2026-03-22 14:07:42 status half-configured bsdutils:amd64 1:2.37.2-4ubuntu3
2026-03-22 14:07:42 status installed bsdutils:amd64 1:2.37.2-4ubuntu3
2026-03-22 14:07:42 configure tar:amd64 1.34+dfsg-1build3 <none>
2026-03-22 14:07:42 status unpacked tar:amd64 1.34+dfsg-1build3
2026-03-22 14:07:42 status half-configured tar:amd64 1.34+dfsg-1build3
2026-03-22 14:07:42 status installed tar:amd64 1.34+dfsg-1build3
2026-03-22 14:07:42 configure coreutils:amd64 8.32-4.1ubuntu1 <none>
2026-03-22 14:07:42 status unpacked coreutils:amd64 8.32-4.1ubuntu1
2026-03-22 14:07:42 status half-configured coreutils:amd64 8.32-4.1ubuntu1
2026-03-22 14:07:42 status installed coreutils:amd64 8.32-4.1ubuntu1
2026-03-22 14:07:42 configure dpkg:amd64 1.21.1ubuntu2 <none>
2026-03-22 14:07:42 status unpacked dpkg:amd64 1.21.1ubuntu2
2026-03-22 14:07:42 status half-configured dpkg:amd64 1.21.1ubuntu2
2026-03-22 14:07:43 status installed dpkg:amd64 1.21.1ubuntu2
2026-03-22 14:07:43 configure mount:amd64 2.37.2-4ubuntu3 <none>
2026-03-22 14:07:43 status unpacked mount:amd64 2.37.2-4ubuntu3
2026-03-22 14:07:43 status half-configured mount:amd64 2.37.2-4ubuntu3
2026-03-22 14:07:43 status installed mount:amd64 2.37.2-4ubuntu3
2026-03-22 14:07:43 configure grep:amd64 3.7-1build1 <none>
2026-03-22 14:07:43 status unpacked grep:amd64 3.7-1build1
2026-03-22 14:07:43 status half-configured grep:amd64 3.7-1build1
2026-03-22 14:07:43 status installed grep:amd64 3.7-1build1
2026-03-22 14:07:43 configure perl-base:amd64 5.34.0-3ubuntu1 <none>
2026-03-22 14:07:43 status unpacked perl-base:amd64 5.34.0-3ubuntu1
2026-03-22 14:07:43 status half-configured perl-base:amd64 5.34.0-3ubuntu1
2026-03-22 14:07:43 status installed perl-base:amd64 5.34.0-3ubuntu1
2026-03-22 14:07:43 configure init-system-helpers:all 1.62 <none>
2026-03-22 14:07:43 status unpacked init-system-helpers:all 1.62
2026-03-22 14:07:43 status half-configured init-system-helpers:all 1.62
2026-03-22 14:07:43 status installed init-system-helpers:all 1.62
2026-03-22 14:07:43 configure gzip:amd64 1.10-4ubuntu4 <none>
2026-03-22 14:07:43 status unpacked gzip:amd64 1.10-4ubuntu4
2026-03-22 14:07:43 status half-configured gzip:amd64 1.10-4ubuntu4
2026-03-22 14:07:43 status installed gzip:amd64 1.10-4ubuntu4
2026-03-22 14:07:43 configure usrmerge:all 25ubuntu2 <none>
2026-03-22 14:07:43 status unpacked usrmerge:all 25ubuntu2
2026-03-22 14:07:43 status half-configured usrmerge:all 25ubuntu2
2026-03-22 14:07:43 status installed usrmerge:all 25ubuntu2
2026-03-22 14:07:43 configure procps:amd64 2:3.3.17-6ubuntu2 <none>
2026-03-22 14:07:43 status unpacked procps:amd64 2:3.3.17-6ubuntu2
2026-03-22 14:07:43 status half-configured procps:amd64 2:3.3.17-6ubuntu2
2026-03-22 14:07:43 status installed procps:amd64 2:3.3.17-6ubuntu2
2026-03-22 14:07:43 configure debconf:all 1.5.79ubuntu1 <none>
2026-03-22 14:07:43 status unpacked debconf:all 1.5.79ubuntu1
2026-03-22 14:07:43 status half-configured debconf:all 1.5.79ubuntu1
2026-03-22 14:07:43 status installed debconf:all 1.5.79ubuntu1
2026-03-22 14:07:43 configure libpam0g:amd64 1.4.0-11ubuntu2 <none>
2026-03-22 14:07:43 status unpacked libpam0g:amd64 1.4.0-11ubuntu2
2026-03-22 14:07:43 status half-configured libpam0g:amd64 1.4.0-11ubuntu2
2026-03-22 14:07:43 status installed libpam0g:amd64 1.4.0-11ubuntu2
2026-03-22 14:07:43 configure util-linux:amd64 2.37.2-4ubuntu3 <none>
2026-03-22 14:07:43 status unpacked util-linux:amd64 2.37.2-4ubuntu3
2026-03-22 14:07:43 status half-configured util-linux:amd64 2.37.2-4ubuntu3
2026-03-22 14:07:43 status installed util-linux:amd64 2.37.2-4ubuntu3
2026-03-22 14:07:43 configure dash:amd64 0.5.11+git20210903+057cd650a4ed-3build1 <none>
2026-03-22 14:07:43 status unpacked dash:amd64 0.5.11+git20210903+057cd650a4ed-3build1
2026-03-22 14:07:43 status half-configured dash:amd64 0.5.11+git20210903+057cd650a4ed-3build1
2026-03-22 14:07:43 status installed dash:amd64 0.5.11+git20210903+057cd650a4ed-3build1
2026-03-22 14:07:43 configure libpam-modules-bin:amd64 1.4.0-11ubuntu2 <none>
2026-03-22 14:07:43 status unpacked libpam-modules-bin:amd64 1.4.0-11ubuntu2
2026-03-22 14:07:43 status half-configured libpam-modules-bin:amd64 1.4.0-11ubuntu2
2026-03-22 14:07:43 status installed libpam-modules-bin:amd64 1.4.0-11ubuntu2
2026-03-22 14:07:43 configure libssl3:amd64 3.0.2-0ubuntu1 <none>
2026-03-22 14:07:43 status unpacked libssl3:amd64 3.0.2-0ubuntu1
2026-03-22 14:07:43 status half-configured libssl3:amd64 3.0.2-0ubuntu1
2026-03-22 14:07:43 status installed libssl3:amd64 3.0.2-0ubuntu1
2026-03-22 14:07:43 configure libkrb5-3:amd64 1.19.2-2 <none>
2026-03-22 14:07:43 status unpacked libkrb5-3:amd64 1.19.2-2
2026-03-22 14:07:43 status half-configured libkrb5-3:amd64 1.19.2-2
2026-03-22 14:07:43 status installed libkrb5-3:amd64 1.19.2-2
2026-03-22 14:07:43 configure libgssapi-krb5-2:amd64 1.19.2-2 <none>
2026-03-22 14:07:43 status unpacked libgssapi-krb5-2:amd64 1.19.2-2
2026-03-22 14:07:43 status half-configured libgssapi-krb5-2:amd64 1.19.2-2
2026-03-22 14:07:43 status installed libgssapi-krb5-2:amd64 1.19.2-2
2026-03-22 14:07:43 configure libtirpc3:amd64 1.3.2-2build1 <none>
2026-03-22 14:07:43 status unpacked libtirpc3:amd64 1.3.2-2build1
2026-03-22 14:07:43 status half-configured libtirpc3:amd64 1.3.2-2build1
2026-03-22 14:07:43 status installed libtirpc3:amd64 1.3.2-2build1
2026-03-22 14:07:43 configure libnsl2:amd64 1.3.0-2build2 <none>
2026-03-22 14:07:43 status unpacked libnsl2:amd64 1.3.0-2build2
2026-03-22 14:07:43 status half-configured libnsl2:amd64 1.3.0-2build2
2026-03-22 14:07:43 status installed libnsl2:amd64 1.3.0-2build2
2026-03-22 14:07:43 configure libpam-modules:amd64 1.4.0-11ubuntu2 <none>
2026-03-22 14:07:43 status unpacked libpam-modules:amd64 1.4.0-11ubuntu2
2026-03-22 14:07:43 status half-configured libpam-modules:amd64 1.4.0-11ubuntu2
2026-03-22 14:07:43 status installed libpam-modules:amd64 1.4.0-11ubuntu2
2026-03-22 14:07:43 configure passwd:amd64 1:4.8.1-2ubuntu2 <none>
2026-03-22 14:07:43 status unpacked passwd:amd64 1:4.8.1-2ubuntu2
2026-03-22 14:07:43 status half-configured passwd:amd64 1:4.8.1-2ubuntu2
2026-03-22 14:07:43 status installed passwd:amd64 1:4.8.1-2ubuntu2
2026-03-22 14:07:43 configure libpam-runtime:all 1.4.0-11ubuntu2 <none>
2026-03-22 14:07:43 status unpacked libpam-runtime:all 1.4.0-11ubuntu2
2026-03-22 14:07:43 status half-configured libpam-runtime:all 1.4.0-11ubuntu2
2026-03-22 14:07:43 status installed libpam-runtime:all 1.4.0-11ubuntu2
2026-03-22 14:07:43 configure login:amd64 1:4.8.1-2ubuntu2 <none>
2026-03-22 14:07:43 status unpacked login:amd64 1:4.8.1-2ubuntu2
2026-03-22 14:07:43 status half-configured login:amd64 1:4.8.1-2ubuntu2
2026-03-22 14:07:43 status installed login:amd64 1:4.8.1-2ubuntu2
2026-03-22 14:07:43 trigproc libc-bin:amd64 2.35-0ubuntu3 <none>
2026-03-22 14:07:43 status half-configured libc-bin:amd64 2.35-0ubuntu3
2026-03-22 14:07:43 status installed libc-bin:amd64 2.35-0ubuntu3
2026-03-22 14:07:44 startup archives unpack
2026-03-22 14:07:44 install adduser:all <none> 3.118ubuntu5
2026-03-22 14:07:44 status half-installed adduser:all 3.118ubuntu5
2026-03-22 14:07:44 status unpacked adduser:all 3.118ubuntu5
2026-03-22 14:07:44 install apt:amd64 <none> 2.4.5
2026-03-22 14:07:44 status triggers-pending libc-bin:amd64 2.35-0ubuntu3
2026-03-22 14:07:44 status half-installed apt:amd64 2.4.5
2026-03-22 14:07:44 status unpacked apt:amd64 2.4.5
2026-03-22 14:07:44 install gpgv:amd64 <none> 2.2.27-3ubuntu2
2026-03-22 14:07:44 status half-installed gpgv:amd64 2.2.27-3ubuntu2
2026-03-22 14:07:44 status unpacked gpgv:amd64 2.2.27-3ubuntu2
2026-03-22 14:07:44 install libapt-pkg6.0:amd64 <none> 2.4.5
2026-03-22 14:07:44 status half-installed libapt-pkg6.0:amd64 2.4.5
2026-03-22 14:07:44 status unpacked libapt-pkg6.0:amd64 2.4.5
2026-03-22 14:07:44 install libffi8:amd64 <none> 3.4.2-4
2026-03-22 14:07:44 status half-installed libffi8:amd64 3.4.2-4
2026-03-22 14:07:44 status unpacked libffi8:amd64 3.4.2-4
2026-03-22 14:07:44 install libgnutls30:amd64 <none> 3.7.3-4ubuntu1
2026-03-22 14:07:44 status half-installed libgnutls30:amd64 3.7.3-4ubuntu1
2026-03-22 14:07:44 status unpacked libgnutls30:amd64 3.7.3-4ubuntu1
2026-03-22 14:07:44 install libhogweed6:amd64 <none> 3.7.3-1build2
2026-03-22 14:07:44 status half-installed libhogweed6:amd64 3.7.3-1build2
2026-03-22 14:07:44 status unpacked libhogweed6:amd64 3.7.3-1build2
2026-03-22 14:07:44 install libidn2-0:amd64 <none> 2.3.2-2build1
2026-03-22 14:07:44 status half-installed libidn2-0:amd64 2.3.2-2build1
2026-03-22 14:07:44 status unpacked libidn2-0:amd64 2.3.2-2build1
2026-03-22 14:07:44 install libnettle8:amd64 <none> 3.7.3-1build2
2026-03-22 14:07:44 status half-installed libnettle8:amd64 3.7.3-1build2
2026-03-22 14:07:44 status unpacked libnettle8:amd64 3.7.3-1build2
2026-03-22 14:07:44 install libp11-kit0:amd64 <none> 0.24.0-6build1
2026-03-22 14:07:44 status half-installed libp11-kit0:amd64 0.24.0-6build1
2026-03-22 14:07:44 status unpacked libp11-kit0:amd64 0.24.0-6build1
2026-03-22 14:07:44 install libseccomp2:amd64 <none> 2.5.3-2ubuntu2
2026-03-22 14:07:44 status half-installed libseccomp2:amd64 2.5.3-2ubuntu2
2026-03-22 14:07:44 status unpacked libseccomp2:amd64 2.5.3-2ubuntu2
2026-03-22 14:07:44 install libstdc++6:amd64 <none> 12-20220319-1ubuntu1
2026-03-22 14:07:44 status half-installed libstdc++6:amd64 12-20220319-1ubuntu1
2026-03-22 14:07:44 status unpacked libstdc++6:amd64 12-20220319-1ubuntu1
2026-03-22 14:07:44 install libtasn1-6:amd64 <none> 4.18.0-4build1
2026-03-22 14:07:44 status half-installed libtasn1-6:amd64 4.18.0-4build1
2026-03-22 14:07:44 status unpacked libtasn1-6:amd64 4.18.0-4build1
2026-03-22 14:07:44 install libunistring2:amd64 <none> 1.0-1
2026-03-22 14:07:44 status half-installed libunistring2:amd64 1.0-1
2026-03-22 14:07:44 status unpacked libunistring2:amd64 1.0-1
2026-03-22 14:07:44 install libxxhash0:amd64 <none> 0.8.1-1
2026-03-22 14:07:44 status half-installed libxxhash0:amd64 0.8.1-1
2026-03-22 14:07:44 status unpacked libxxhash0:amd64 0.8.1-1
2026-03-22 14:07:44 install ubuntu-keyring:all <none> 2021.03.26
2026-03-22 14:07:44 status half-installed ubuntu-keyring:all 2021.03.26
2026-03-22 14:07:44 status unpacked ubuntu-keyring:all 2021.03.26
2026-03-22 14:07:44 trigproc libc-bin:amd64 2.35-0ubuntu3 <none>
2026-03-22 14:07:44 status half-configured libc-bin:amd64 2.35-0ubuntu3
2026-03-22 14:07:44 status installed libc-bin:amd64 2.35-0ubuntu3
2026-03-22 14:07:44 startup packages configure
2026-03-22 14:07:44 configure adduser:all 3.118ubuntu5 <none>
2026-03-22 14:07:44 status unpacked adduser:all 3.118ubuntu5
2026-03-22 14:07:44 status half-configured adduser:all 3.118ubuntu5
2026-03-22 14:07:44 status installed adduser:all 3.118ubuntu5
2026-03-22 14:07:44 configure libunistring2:amd64 1.0-1 <none>
2026-03-22 14:07:44 status triggers-pending libc-bin:amd64 2.35-0ubuntu3
2026-03-22 14:07:44 status unpacked libunistring2:amd64 1.0-1
2026-03-22 14:07:44 status half-configured libunistring2:amd64 1.0-1
2026-03-22 14:07:44 status installed libunistring2:amd64 1.0-1
2026-03-22 14:07:44 configure libidn2-0:amd64 2.3.2-2build1 <none>
2026-03-22 14:07:44 status unpacked libidn2-0:amd64 2.3.2-2build1
2026-03-22 14:07:44 status half-configured libidn2-0:amd64 2.3.2-2build1
2026-03-22 14:07:44 status installed libidn2-0:amd64 2.3.2-2build1
2026-03-22 14:07:44 configure ubuntu-keyring:all 2021.03.26 <none>
2026-03-22 14:07:44 status unpacked ubuntu-keyring:all 2021.03.26
2026-03-22 14:07:44 status half-configured ubuntu-keyring:all 2021.03.26
2026-03-22 14:07:44 status installed ubuntu-keyring:all 2021.03.26
2026-03-22 14:07:44 configure libseccomp2:amd64 2.5.3-2ubuntu2 <none>
2026-03-22 14:07:44 status unpacked libseccomp2:amd64 2.5.3-2ubuntu2
2026-03-22 14:07:44 status half-configured libseccomp2:amd64 2.5.3-2ubuntu2
2026-03-22 14:07:44 status installed libseccomp2:amd64 2.5.3-2ubuntu2
2026-03-22 14:07:44 configure libnettle8:amd64 3.7.3-1build2 <none>
2026-03-22 14:07:44 status unpacked libnettle8:amd64 3.7.3-1build2
2026-03-22 14:07:44 status half-configured libnettle8:amd64 3.7.3-1build2
2026-03-22 14:07:44 status installed libnettle8:amd64 3.7.3-1build2
2026-03-22 14:07:44 configure libffi8:amd64 3.4.2-4 <none>
2026-03-22 14:07:44 status unpacked libffi8:amd64 3.4.2-4
2026-03-22 14:07:44 status half-configured libffi8:amd64 3.4.2-4
2026-03-22 14:07:44 status installed libffi8:amd64 3.4.2-4
2026-03-22 14:07:44 configure gpgv:amd64 2.2.27-3ubuntu2 <none>
2026-03-22 14:07:44 status unpacked gpgv:amd64 2.2.27-3ubuntu2
2026-03-22 14:07:44 status half-configured gpgv:amd64 2.2.27-3ubuntu2
2026-03-22 14:07:44 status installed gpgv:amd64 2.2.27-3ubuntu2
2026-03-22 14:07:44 configure libxxhash0:amd64 0.8.1-1 <none>
2026-03-22 14:07:44 status unpacked libxxhash0:amd64 0.8.1-1
2026-03-22 14:07:44 status half-configured libxxhash0:amd64 0.8.1-1
2026-03-22 14:07:44 status installed libxxhash0:amd64 0.8.1-1
2026-03-22 14:07:44 configure libtasn1-6:amd64 4.18.0-4build1 <none>
2026-03-22 14:07:44 status unpacked libtasn1-6:amd64 4.18.0-4build1
2026-03-22 14:07:44 status half-configured libtasn1-6:amd64 4.18.0-4build1
2026-03-22 14:07:44 status installed libtasn1-6:amd64 4.18.0-4build1
2026-03-22 14:07:44 configure libstdc++6:amd64 12-20220319-1ubuntu1 <none>
2026-03-22 14:07:44 status unpacked libstdc++6:amd64 12-20220319-1ubuntu1
2026-03-22 14:07:44 status half-configured libstdc++6:amd64 12-20220319-1ubuntu1
2026-03-22 14:07:44 status installed libstdc++6:amd64 12-20220319-1ubuntu1
2026-03-22 14:07:44 configure libhogweed6:amd64 3.7.3-1build2 <none>
2026-03-22 14:07:44 status unpacked libhogweed6:amd64 3.7.3-1build2
2026-03-22 14:07:44 status half-configured libhogweed6:amd64 3.7.3-1build2
2026-03-22 14:07:44 status installed libhogweed6:amd64 3.7.3-1build2
2026-03-22 14:07:44 configure libapt-pkg6.0:amd64 2.4.5 <none>
2026-03-22 14:07:44 status unpacked libapt-pkg6.0:amd64 2.4.5
2026-03-22 14:07:44 status half-configured libapt-pkg6.0:amd64 2.4.5
2026-03-22 14:07:44 status installed libapt-pkg6.0:amd64 2.4.5
2026-03-22 14:07:44 configure libp11-kit0:amd64 0.24.0-6build1 <none>
2026-03-22 14:07:44 status unpacked libp11-kit0:amd64 0.24.0-6build1
2026-03-22 14:07:44 status half-configured libp11-kit0:amd64 0.24.0-6build1
2026-03-22 14:07:44 status installed libp11-kit0:amd64 0.24.0-6build1
2026-03-22 14:07:44 configure libgnutls30:amd64 3.7.3-4ubuntu1 <none>
2026-03-22 14:07:44 status unpacked libgnutls30:amd64 3.7.3-4ubuntu1
2026-03-22 14:07:44 status half-configured libgnutls30:amd64 3.7.3-4ubuntu1
2026-03-22 14:07:44 status installed libgnutls30:amd64 3.7.3-4ubuntu1
2026-03-22 14:07:44 configure apt:amd64 2.4.5 <none>
2026-03-22 14:07:44 status unpacked apt:amd64 2.4.5
2026-03-22 14:07:44 status half-configured apt:amd64 2.4.5
2026-03-22 14:07:45 status installed apt:amd64 2.4.5
2026-03-22 14:07:45 trigproc libc-bin:amd64 2.35-0ubuntu3 <none>
2026-03-22 14:07:45 status half-configured libc-bin:amd64 2.35-0ubuntu3
2026-03-22 14:07:45 status installed libc-bin:amd64 2.35-0ubuntu3
2026-03-22 14:07:48 startup archives unpack
2026-03-22 14:07:48 upgrade adduser:all 3.118ubuntu5 3.118ubuntu5
2026-03-22 14:07:48 status half-configured adduser:all 3.118ubuntu5
2026-03-22 14:07:48 status unpacked adduser:all 3.118ubuntu5
2026-03-22 14:07:48 status half-installed adduser:all 3.118ubuntu5
2026-03-22 14:07:48 status unpacked adduser:all 3.118ubuntu5
2026-03-22 14:07:49 startup packages configure
2026-03-22 14:07:49 configure adduser:all 3.118ubuntu5 <none>
2026-03-22 14:07:49 status unpacked adduser:all 3.118ubuntu5
2026-03-22 14:07:49 status half-configured adduser:all 3.118ubuntu5
2026-03-22 14:07:49 status installed adduser:all 3.118ubuntu5
2026-03-22 14:07:49 startup packages configure
2026-03-22 14:07:53 startup archives unpack
2026-03-22 14:07:53 upgrade apt:amd64 2.4.5 2.4.5
2026-03-22 14:07:53 status triggers-pending libc-bin:amd64 2.35-0ubuntu3
2026-03-22 14:07:53 status half-configured apt:amd64 2.4.5
2026-03-22 14:07:53 status unpacked apt:amd64 2.4.5
2026-03-22 14:07:53 status half-installed apt:amd64 2.4.5
2026-03-22 14:07:53 status unpacked apt:amd64 2.4.5
2026-03-22 14:07:54 startup packages configure
2026-03-22 14:07:54 configure apt:amd64 2.4.5 <none>
2026-03-22 14:07:54 status unpacked apt:amd64 2.4.5
2026-03-22 14:07:54 status half-configured apt:amd64 2.4.5
2026-03-22 14:07:54 status installed apt:amd64 2.4.5
2026-03-22 14:07:54 startup packages configure
2026-03-22 14:07:54 trigproc libc-bin:amd64 2.35-0ubuntu3 <none>
2026-03-22 14:07:54 status half-configured libc-bin:amd64 2.35-0ubuntu3
2026-03-22 14:07:54 status installed libc-bin:amd64 2.35-0ubuntu3
2026-03-22 14:07:58 startup archives unpack
2026-03-22 14:07:58 upgrade base-files:amd64 12ubuntu4 12ubuntu4
2026-03-22 14:07:58 status half-configured base-files:amd64 12ubuntu4
2026-03-22 14:07:58 status unpacked base-files:amd64 12ubuntu4
2026-03-22 14:07:58 status half-installed base-files:amd64 12ubuntu4
2026-03-22 14:07:58 status unpacked base-files:amd64 12ubuntu4
2026-03-22 14:07:58 startup packages configure
2026-03-22 14:07:58 configure base-files:amd64 12ubuntu4 <none>
2026-03-22 14:07:58 status unpacked base-files:amd64 12ubuntu4
2026-03-22 14:07:58 status half-configured base-files:amd64 12ubuntu4
2026-03-22 14:07:58 status installed base-files:amd64 12ubuntu4
2026-03-22 14:07:58 startup packages configure
2026-03-22 14:08:02 startup archives unpack
2026-03-22 14:08:02 upgrade base-passwd:amd64 3.5.52build1 3.5.52build1
2026-03-22 14:08:02 status half-configured base-passwd:amd64 3.5.52build1
2026-03-22 14:08:02 status unpacked base-passwd:amd64 3.5.52build1
2026-03-22 14:08:02 status half-installed base-passwd:amd64 3.5.52build1
2026-03-22 14:08:02 status unpacked base-passwd:amd64 3.5.52build1
2026-03-22 14:08:02 startup packages configure
2026-03-22 14:08:02 configure base-passwd:amd64 3.5.52build1 <none>
2026-03-22 14:08:02 status unpacked base-passwd:amd64 3.5.52build1
2026-03-22 14:08:02 status half-configured base-passwd:amd64 3.5.52build1
2026-03-22 14:08:02 status installed base-passwd:amd64 3.5.52build1
2026-03-22 14:08:02 startup packages configure
2026-03-22 14:08:06 startup archives unpack
2026-03-22 14:08:06 upgrade bash:amd64 5.1-6ubuntu1 5.1-6ubuntu1
2026-03-22 14:08:06 status half-configured bash:amd64 5.1-6ubuntu1
2026-03-22 14:08:06 status unpacked bash:amd64 5.1-6ubuntu1
2026-03-22 14:08:06 status half-installed bash:amd64 5.1-6ubuntu1
2026-03-22 14:08:06 status unpacked bash:amd64 5.1-6ubuntu1
2026-03-22 14:08:07 startup packages configure
2026-03-22 14:08:07 configure bash:amd64 5.1-6ubuntu1 <none>
2026-03-22 14:08:07 status unpacked bash:amd64 5.1-6ubuntu1
2026-03-22 14:08:07 status half-configured bash:amd64 5.1-6ubuntu1
2026-03-22 14:08:07 status installed bash:amd64 5.1-6ubuntu1
2026-03-22 14:08:07 startup packages configure
2026-03-22 14:08:10 startup archives unpack
2026-03-22 14:08:10 upgrade bsdutils:amd64 1:2.37.2-4ubuntu3 1:2.37.2-4ubuntu3
2026-03-22 14:08:10 status half-configured bsdutils:amd64 1:2.37.2-4ubuntu3
2026-03-22 14:08:10 status unpacked bsdutils:amd64 1:2.37.2-4ubuntu3
2026-03-22 14:08:10 status half-installed bsdutils:amd64 1:2.37.2-4ubuntu3
2026-03-22 14:08:10 status unpacked bsdutils:amd64 1:2.37.2-4ubuntu3
2026-03-22 14:08:11 startup packages configure
2026-03-22 14:08:11 configure bsdutils:amd64 1:2.37.2-4ubuntu3 <none>
2026-03-22 14:08:11 status unpacked bsdutils:amd64 1:2.37.2-4ubuntu3
2026-03-22 14:08:11 status half-configured bsdutils:amd64 1:2.37.2-4ubuntu3
2026-03-22 14:08:11 status installed bsdutils:amd64 1:2.37.2-4ubuntu3
2026-03-22 14:08:11 startup packages configure
2026-03-22 14:08:16 startup archives unpack
2026-03-22 14:08:16 upgrade coreutils:amd64 8.32-4.1ubuntu1 8.32-4.1ubuntu1
2026-03-22 14:08:16 status half-configured coreutils:amd64 8.32-4.1ubuntu1
2026-03-22 14:08:16 status unpacked coreutils:amd64 8.32-4.1ubuntu1
2026-03-22 14:08:16 status half-installed coreutils:amd64 8.32-4.1ubuntu1
2026-03-22 14:08:16 status unpacked coreutils:amd64 8.32-4.1ubuntu1
2026-03-22 14:08:16 startup packages configure
2026-03-22 14:08:16 configure coreutils:amd64 8.32-4.1ubuntu1 <none>
2026-03-22 14:08:16 status unpacked coreutils:amd64 8.32-4.1ubuntu1
2026-03-22 14:08:16 status half-configured coreutils:amd64 8.32-4.1ubuntu1
2026-03-22 14:08:16 status installed coreutils:amd64 8.32-4.1ubuntu1
2026-03-22 14:08:17 startup packages configure
2026-03-22 14:08:20 startup archives unpack
2026-03-22 14:08:20 upgrade dash:amd64 0.5.11+git20210903+057cd650a4ed-3build1 0.5.11+git20210903+057cd650a4ed-3build1
2026-03-22 14:08:20 status half-configured dash:amd64 0.5.11+git20210903+057cd650a4ed-3build1
2026-03-22 14:08:20 status unpacked dash:amd64 0.5.11+git20210903+057cd650a4ed-3build1
2026-03-22 14:08:20 status half-installed dash:amd64 0.5.11+git20210903+057cd650a4ed-3build1
2026-03-22 14:08:20 status unpacked dash:amd64 0.5.11+git20210903+057cd650a4ed-3build1
2026-03-22 14:08:20 startup packages configure
2026-03-22 14:08:20 configure dash:amd64 0.5.11+git20210903+057cd650a4ed-3build1 <none>
2026-03-22 14:08:20 status unpacked dash:amd64 0.5.11+git20210903+057cd650a4ed-3build1
2026-03-22 14:08:20 status half-configured dash:amd64 0.5.11+git20210903+057cd650a4ed-3build1
2026-03-22 14:08:21 status installed dash:amd64 0.5.11+git20210903+057cd650a4ed-3build1
2026-03-22 14:08:21 startup packages configure
2026-03-22 14:08:24 startup archives unpack
2026-03-22 14:08:24 upgrade debconf:all 1.5.79ubuntu1 1.5.79ubuntu1
2026-03-22 14:08:24 status half-configured debconf:all 1.5.79ubuntu1
2026-03-22 14:08:24 status unpacked debconf:all 1.5.79ubuntu1
2026-03-22 14:08:24 status half-installed debconf:all 1.5.79ubuntu1
2026-03-22 14:08:24 status unpacked debconf:all 1.5.79ubuntu1
2026-03-22 14:08:25 startup packages configure
2026-03-22 14:08:25 configure debconf:all 1.5.79ubuntu1 <none>
2026-03-22 14:08:25 status unpacked debconf:all 1.5.79ubuntu1
2026-03-22 14:08:25 status half-configured debconf:all 1.5.79ubuntu1
2026-03-22 14:08:25 status installed debconf:all 1.5.79ubuntu1
2026-03-22 14:08:25 startup packages configure
2026-03-22 14:08:28 startup archives unpack
2026-03-22 14:08:28 upgrade debianutils:amd64 5.5-1ubuntu2 5.5-1ubuntu2
2026-03-22 14:08:28 status half-configured debianutils:amd64 5.5-1ubuntu2
2026-03-22 14:08:28 status unpacked debianutils:amd64 5.5-1ubuntu2
2026-03-22 14:08:28 status half-installed debianutils:amd64 5.5-1ubuntu2
2026-03-22 14:08:28 status unpacked debianutils:amd64 5.5-1ubuntu2
2026-03-22 14:08:29 startup packages configure
2026-03-22 14:08:29 configure debianutils:amd64 5.5-1ubuntu2 <none>
2026-03-22 14:08:29 status unpacked debianutils:amd64 5.5-1ubuntu2
2026-03-22 14:08:29 status half-configured debianutils:amd64 5.5-1ubuntu2
2026-03-22 14:08:29 status installed debianutils:amd64 5.5-1ubuntu2
2026-03-22 14:08:29 startup packages configure
2026-03-22 14:08:32 startup archives unpack
2026-03-22 14:08:32 upgrade diffutils:amd64 1:3.8-0ubuntu2 1:3.8-0ubuntu2
2026-03-22 14:08:32 status half-configured diffutils:amd64 1:3.8-0ubuntu2
2026-03-22 14:08:32 status unpacked diffutils:amd64 1:3.8-0ubuntu2
2026-03-22 14:08:32 status half-installed diffutils:amd64 1:3.8-0ubuntu2
2026-03-22 14:08:32 status unpacked diffutils:amd64 1:3.8-0ubuntu2
2026-03-22 14:08:33 startup packages configure
2026-03-22 14:08:33 configure diffutils:amd64 1:3.8-0ubuntu2 <none>
2026-03-22 14:08:33 status unpacked diffutils:amd64 1:3.8-0ubuntu2
2026-03-22 14:08:33 status half-configured diffutils:amd64 1:3.8-0ubuntu2
2026-03-22 14:08:33 status installed diffutils:amd64 1:3.8-0ubuntu2
2026-03-22 14:08:33 startup packages configure
2026-03-22 14:08:37 startup archives unpack
2026-03-22 14:08:37 upgrade dpkg:amd64 1.21.1ubuntu2 1.21.1ubuntu2
2026-03-22 14:08:37 status half-configured dpkg:amd64 1.21.1ubuntu2
2026-03-22 14:08:37 status unpacked dpkg:amd64 1.21.1ubuntu2
2026-03-22 14:08:37 status half-installed dpkg:amd64 1.21.1ubuntu2
2026-03-22 14:08:37 status unpacked dpkg:amd64 1.21.1ubuntu2
2026-03-22 14:08:38 startup packages configure
2026-03-22 14:08:38 configure dpkg:amd64 1.21.1ubuntu2 <none>
2026-03-22 14:08:38 status unpacked dpkg:amd64 1.21.1ubuntu2
2026-03-22 14:08:38 status half-configured dpkg:amd64 1.21.1ubuntu2
2026-03-22 14:08:38 status installed dpkg:amd64 1.21.1ubuntu2
2026-03-22 14:08:38 startup packages configure
2026-03-22 14:08:42 startup archives unpack
2026-03-22 14:08:42 upgrade e2fsprogs:amd64 1.46.5-2ubuntu1 1.46.5-2ubuntu1
2026-03-22 14:08:42 status half-configured e2fsprogs:amd64 1.46.5-2ubuntu1
2026-03-22 14:08:42 status unpacked e2fsprogs:amd64 1.46.5-2ubuntu1
2026-03-22 14:08:42 status half-installed e2fsprogs:amd64 1.46.5-2ubuntu1
2026-03-22 14:08:42 status unpacked e2fsprogs:amd64 1.46.5-2ubuntu1
2026-03-22 14:08:42 startup packages configure
2026-03-22 14:08:42 configure e2fsprogs:amd64 1.46.5-2ubuntu1 <none>
2026-03-22 14:08:42 status unpacked e2fsprogs:amd64 1.46.5-2ubuntu1
2026-03-22 14:08:42 status half-configured e2fsprogs:amd64 1.46.5-2ubuntu1
2026-03-22 14:08:42 status installed e2fsprogs:amd64 1.46.5-2ubuntu1
2026-03-22 14:08:46 startup archives unpack
2026-03-22 14:08:46 upgrade findutils:amd64 4.8.0-1ubuntu3 4.8.0-1ubuntu3
2026-03-22 14:08:46 status half-configured findutils:amd64 4.8.0-1ubuntu3
2026-03-22 14:08:46 status unpacked findutils:amd64 4.8.0-1ubuntu3
2026-03-22 14:08:46 status half-installed findutils:amd64 4.8.0-1ubuntu3
2026-03-22 14:08:46 status unpacked findutils:amd64 4.8.0-1ubuntu3
2026-03-22 14:08:46 startup packages configure
2026-03-22 14:08:46 configure findutils:amd64 4.8.0-1ubuntu3 <none>
2026-03-22 14:08:46 status unpacked findutils:amd64 4.8.0-1ubuntu3
2026-03-22 14:08:46 status half-configured findutils:amd64 4.8.0-1ubuntu3
2026-03-22 14:08:46 status installed findutils:amd64 4.8.0-1ubuntu3
2026-03-22 14:08:47 startup packages configure
2026-03-22 14:08:50 startup archives unpack
2026-03-22 14:08:50 upgrade gcc-12-base:amd64 12-20220319-1ubuntu1 12-20220319-1ubuntu1
2026-03-22 14:08:50 status half-configured gcc-12-base:amd64 12-20220319-1ubuntu1
2026-03-22 14:08:50 status unpacked gcc-12-base:amd64 12-20220319-1ubuntu1
2026-03-22 14:08:50 status half-installed gcc-12-base:amd64 12-20220319-1ubuntu1
2026-03-22 14:08:50 status unpacked gcc-12-base:amd64 12-20220319-1ubuntu1
2026-03-22 14:08:50 startup packages configure
2026-03-22 14:08:50 configure gcc-12-base:amd64 12-20220319-1ubuntu1 <none>
2026-03-22 14:08:50 status unpacked gcc-12-base:amd64 12-20220319-1ubuntu1
2026-03-22 14:08:50 status half-configured gcc-12-base:amd64 12-20220319-1ubuntu1
2026-03-22 14:08:50 status installed gcc-12-base:amd64 12-20220319-1ubuntu1
2026-03-22 14:08:51 startup packages configure
2026-03-22 14:08:54 startup archives unpack
2026-03-22 14:08:54 upgrade gpgv:amd64 2.2.27-3ubuntu2 2.2.27-3ubuntu2
2026-03-22 14:08:54 status half-configured gpgv:amd64 2.2.27-3ubuntu2
2026-03-22 14:08:54 status unpacked gpgv:amd64 2.2.27-3ubuntu2
2026-03-22 14:08:54 status half-installed gpgv:amd64 2.2.27-3ubuntu2
2026-03-22 14:08:54 status unpacked gpgv:amd64 2.2.27-3ubuntu2
2026-03-22 14:08:55 startup packages configure
2026-03-22 14:08:55 configure gpgv:amd64 2.2.27-3ubuntu2 <none>
2026-03-22 14:08:55 status unpacked gpgv:amd64 2.2.27-3ubuntu2
2026-03-22 14:08:55 status half-configured gpgv:amd64 2.2.27-3ubuntu2
2026-03-22 14:08:55 status installed gpgv:amd64 2.2.27-3ubuntu2
2026-03-22 14:08:55 startup packages configure
2026-03-22 14:08:58 startup archives unpack
2026-03-22 14:08:58 upgrade grep:amd64 3.7-1build1 3.7-1build1
2026-03-22 14:08:58 status half-configured grep:amd64 3.7-1build1
2026-03-22 14:08:58 status unpacked grep:amd64 3.7-1build1
2026-03-22 14:08:58 status half-installed grep:amd64 3.7-1build1
2026-03-22 14:08:58 status unpacked grep:amd64 3.7-1build1
2026-03-22 14:08:59 startup packages configure
2026-03-22 14:08:59 configure grep:amd64 3.7-1build1 <none>
2026-03-22 14:08:59 status unpacked grep:amd64 3.7-1build1
2026-03-22 14:08:59 status half-configured grep:amd64 3.7-1build1
2026-03-22 14:08:59 status installed grep:amd64 3.7-1build1
2026-03-22 14:08:59 startup packages configure
2026-03-22 14:09:03 startup archives unpack
2026-03-22 14:09:03 upgrade gzip:amd64 1.10-4ubuntu4 1.10-4ubuntu4
2026-03-22 14:09:03 status half-configured gzip:amd64 1.10-4ubuntu4
2026-03-22 14:09:03 status unpacked gzip:amd64 1.10-4ubuntu4
2026-03-22 14:09:03 status half-installed gzip:amd64 1.10-4ubuntu4
2026-03-22 14:09:03 status unpacked gzip:amd64 1.10-4ubuntu4
2026-03-22 14:09:03 startup packages configure
2026-03-22 14:09:03 configure gzip:amd64 1.10-4ubuntu4 <none>
2026-03-22 14:09:03 status unpacked gzip:amd64 1.10-4ubuntu4
2026-03-22 14:09:03 status half-configured gzip:amd64 1.10-4ubuntu4
2026-03-22 14:09:03 status installed gzip:amd64 1.10-4ubuntu4
2026-03-22 14:09:03 startup packages configure
2026-03-22 14:09:06 startup archives unpack
2026-03-22 14:09:06 upgrade hostname:amd64 3.23ubuntu2 3.23ubuntu2
2026-03-22 14:09:06 status half-configured hostname:amd64 3.23ubuntu2
2026-03-22 14:09:06 status unpacked hostname:amd64 3.23ubuntu2
2026-03-22 14:09:06 status half-installed hostname:amd64 3.23ubuntu2
2026-03-22 14:09:06 status unpacked hostname:amd64 3.23ubuntu2
2026-03-22 14:09:07 startup packages configure
2026-03-22 14:09:07 configure hostname:amd64 3.23ubuntu2 <none>
2026-03-22 14:09:07 status unpacked hostname:amd64 3.23ubuntu2
2026-03-22 14:09:07 status half-configured hostname:amd64 3.23ubuntu2
2026-03-22 14:09:07 status installed hostname:amd64 3.23ubuntu2
2026-03-22 14:09:07 startup packages configure
2026-03-22 14:09:10 startup archives unpack
2026-03-22 14:09:10 upgrade init-system-helpers:all 1.62 1.62
2026-03-22 14:09:10 status half-configured init-system-helpers:all 1.62
2026-03-22 14:09:10 status unpacked init-system-helpers:all 1.62
2026-03-22 14:09:10 status half-installed init-system-helpers:all 1.62
2026-03-22 14:09:10 status unpacked init-system-helpers:all 1.62
2026-03-22 14:09:11 startup packages configure
2026-03-22 14:09:11 configure init-system-helpers:all 1.62 <none>
2026-03-22 14:09:11 status unpacked init-system-helpers:all 1.62
2026-03-22 14:09:11 status half-configured init-system-helpers:all 1.62
2026-03-22 14:09:11 status installed init-system-helpers:all 1.62
2026-03-22 14:09:11 startup packages configure
2026-03-22 14:09:14 startup archives unpack
2026-03-22 14:09:14 upgrade libacl1:amd64 2.3.1-1 2.3.1-1
2026-03-22 14:09:14 status triggers-pending libc-bin:amd64 2.35-0ubuntu3
2026-03-22 14:09:14 status half-configured libacl1:amd64 2.3.1-1
2026-03-22 14:09:14 status unpacked libacl1:amd64 2.3.1-1
2026-03-22 14:09:14 status half-installed libacl1:amd64 2.3.1-1
2026-03-22 14:09:14 status unpacked libacl1:amd64 2.3.1-1
2026-03-22 14:09:15 startup packages configure
2026-03-22 14:09:15 configure libacl1:amd64 2.3.1-1 <none>
2026-03-22 14:09:15 status unpacked libacl1:amd64 2.3.1-1
2026-03-22 14:09:15 status half-configured libacl1:amd64 2.3.1-1
2026-03-22 14:09:15 status installed libacl1:amd64 2.3.1-1
2026-03-22 14:09:15 startup packages configure
2026-03-22 14:09:15 trigproc libc-bin:amd64 2.35-0ubuntu3 <none>
2026-03-22 14:09:15 status half-configured libc-bin:amd64 2.35-0ubuntu3
2026-03-22 14:09:15 status installed libc-bin:amd64 2.35-0ubuntu3
2026-03-22 14:09:19 startup archives unpack
2026-03-22 14:09:19 upgrade libapt-pkg6.0:amd64 2.4.5 2.4.5
2026-03-22 14:09:19 status triggers-pending libc-bin:amd64 2.35-0ubuntu3
2026-03-22 14:09:19 status half-configured libapt-pkg6.0:amd64 2.4.5
2026-03-22 14:09:19 status unpacked libapt-pkg6.0:amd64 2.4.5
2026-03-22 14:09:19 status half-installed libapt-pkg6.0:amd64 2.4.5
2026-03-22 14:09:19 status unpacked libapt-pkg6.0:amd64 2.4.5
2026-03-22 14:09:19 startup packages configure
2026-03-22 14:09:19 configure libapt-pkg6.0:amd64 2.4.5 <none>
2026-03-22 14:09:19 status unpacked libapt-pkg6.0:amd64 2.4.5
2026-03-22 14:09:19 status half-configured libapt-pkg6.0:amd64 2.4.5
2026-03-22 14:09:19 status installed libapt-pkg6.0:amd64 2.4.5
2026-03-22 14:09:20 startup packages configure
2026-03-22 14:09:20 trigproc libc-bin:amd64 2.35-0ubuntu3 <none>
2026-03-22 14:09:20 status half-configured libc-bin:amd64 2.35-0ubuntu3
2026-03-22 14:09:20 status installed libc-bin:amd64 2.35-0ubuntu3
2026-03-22 14:09:23 startup archives unpack
2026-03-22 14:09:23 upgrade libattr1:amd64 1:2.5.1-1build1 1:2.5.1-1build1
2026-03-22 14:09:23 status triggers-pending libc-bin:amd64 2.35-0ubuntu3
2026-03-22 14:09:23 status half-configured libattr1:amd64 1:2.5.1-1build1
2026-03-22 14:09:23 status unpacked libattr1:amd64 1:2.5.1-1build1
2026-03-22 14:09:23 status half-installed libattr1:amd64 1:2.5.1-1build1
2026-03-22 14:09:23 status unpacked libattr1:amd64 1:2.5.1-1build1
2026-03-22 14:09:23 startup packages configure
2026-03-22 14:09:23 configure libattr1:amd64 1:2.5.1-1build1 <none>
2026-03-22 14:09:23 status unpacked libattr1:amd64 1:2.5.1-1build1
2026-03-22 14:09:23 status half-configured libattr1:amd64 1:2.5.1-1build1
2026-03-22 14:09:23 status installed libattr1:amd64 1:2.5.1-1build1
2026-03-22 14:09:23 startup packages configure
2026-03-22 14:09:23 trigproc libc-bin:amd64 2.35-0ubuntu3 <none>
2026-03-22 14:09:23 status half-configured libc-bin:amd64 2.35-0ubuntu3
2026-03-22 14:09:24 status installed libc-bin:amd64 2.35-0ubuntu3
2026-03-22 14:09:27 startup archives unpack
2026-03-22 14:09:27 upgrade libaudit-common:all 1:3.0.7-1build1 1:3.0.7-1build1
2026-03-22 14:09:27 status half-configured libaudit-common:all 1:3.0.7-1build1
2026-03-22 14:09:27 status unpacked libaudit-common:all 1:3.0.7-1build1
2026-03-22 14:09:27 status half-installed libaudit-common:all 1:3.0.7-1build1
2026-03-22 14:09:27 status unpacked libaudit-common:all 1:3.0.7-1build1
2026-03-22 14:09:27 startup packages configure
2026-03-22 14:09:27 configure libaudit-common:all 1:3.0.7-1build1 <none>
2026-03-22 14:09:27 status unpacked libaudit-common:all 1:3.0.7-1build1
2026-03-22 14:09:27 status half-configured libaudit-common:all 1:3.0.7-1build1
2026-03-22 14:09:27 status installed libaudit-common:all 1:3.0.7-1build1
2026-03-22 14:09:27 startup packages configure
2026-03-22 14:09:31 startup archives unpack
2026-03-22 14:09:31 upgrade libaudit1:amd64 1:3.0.7-1build1 1:3.0.7-1build1
2026-03-22 14:09:31 status triggers-pending libc-bin:amd64 2.35-0ubuntu3
2026-03-22 14:09:31 status half-configured libaudit1:amd64 1:3.0.7-1build1
2026-03-22 14:09:31 status unpacked libaudit1:amd64 1:3.0.7-1build1
2026-03-22 14:09:31 status half-installed libaudit1:amd64 1:3.0.7-1build1
2026-03-22 14:09:31 status unpacked libaudit1:amd64 1:3.0.7-1build1
2026-03-22 14:09:31 startup packages configure
2026-03-22 14:09:31 configure libaudit1:amd64 1:3.0.7-1build1 <none>
2026-03-22 14:09:31 status unpacked libaudit1:amd64 1:3.0.7-1build1
2026-03-22 14:09:31 status half-configured libaudit1:amd64 1:3.0.7-1build1
2026-03-22 14:09:31 status installed libaudit1:amd64 1:3.0.7-1build1
2026-03-22 14:09:31 startup packages configure
2026-03-22 14:09:31 trigproc libc-bin:amd64 2.35-0ubuntu3 <none>
2026-03-22 14:09:31 status half-configured libc-bin:amd64 2.35-0ubuntu3
2026-03-22 14:09:31 status installed libc-bin:amd64 2.35-0ubuntu3
2026-03-22 14:09:35 startup archives unpack
2026-03-22 14:09:35 upgrade libblkid1:amd64 2.37.2-4ubuntu3 2.37.2-4ubuntu3
2026-03-22 14:09:35 status triggers-pending libc-bin:amd64 2.35-0ubuntu3
2026-03-22 14:09:35 status half-configured libblkid1:amd64 2.37.2-4ubuntu3
2026-03-22 14:09:35 status unpacked libblkid1:amd64 2.37.2-4ubuntu3
2026-03-22 14:09:35 status half-installed libblkid1:amd64 2.37.2-4ubuntu3
2026-03-22 14:09:35 status unpacked libblkid1:amd64 2.37.2-4ubuntu3
2026-03-22 14:09:35 startup packages configure
2026-03-22 14:09:35 configure libblkid1:amd64 2.37.2-4ubuntu3 <none>
2026-03-22 14:09:35 status unpacked libblkid1:amd64 2.37.2-4ubuntu3
2026-03-22 14:09:35 status half-configured libblkid1:amd64 2.37.2-4ubuntu3
2026-03-22 14:09:35 status installed libblkid1:amd64 2.37.2-4ubuntu3
2026-03-22 14:09:35 startup packages configure
2026-03-22 14:09:35 trigproc libc-bin:amd64 2.35-0ubuntu3 <none>
2026-03-22 14:09:35 status half-configured libc-bin:amd64 2.35-0ubuntu3
2026-03-22 14:09:35 status installed libc-bin:amd64 2.35-0ubuntu3
2026-03-22 14:09:39 startup archives unpack
2026-03-22 14:09:39 upgrade libbz2-1.0:amd64 1.0.8-5build1 1.0.8-5build1
2026-03-22 14:09:39 status triggers-pending libc-bin:amd64 2.35-0ubuntu3
2026-03-22 14:09:39 status half-configured libbz2-1.0:amd64 1.0.8-5build1
2026-03-22 14:09:39 status unpacked libbz2-1.0:amd64 1.0.8-5build1
2026-03-22 14:09:39 status half-installed libbz2-1.0:amd64 1.0.8-5build1
2026-03-22 14:09:39 status unpacked libbz2-1.0:amd64 1.0.8-5build1
2026-03-22 14:09:39 startup packages configure
2026-03-22 14:09:39 configure libbz2-1.0:amd64 1.0.8-5build1 <none>
2026-03-22 14:09:39 status unpacked libbz2-1.0:amd64 1.0.8-5build1
2026-03-22 14:09:39 status half-configured libbz2-1.0:amd64 1.0.8-5build1
2026-03-22 14:09:39 status installed libbz2-1.0:amd64 1.0.8-5build1
2026-03-22 14:09:39 startup packages configure
2026-03-22 14:09:39 trigproc libc-bin:amd64 2.35-0ubuntu3 <none>
2026-03-22 14:09:39 status half-configured libc-bin:amd64 2.35-0ubuntu3
2026-03-22 14:09:39 status installed libc-bin:amd64 2.35-0ubuntu3
2026-03-22 14:09:43 startup archives unpack
2026-03-22 14:09:43 upgrade libc-bin:amd64 2.35-0ubuntu3 2.35-0ubuntu3
2026-03-22 14:09:43 status half-configured libc-bin:amd64 2.35-0ubuntu3
2026-03-22 14:09:43 status unpacked libc-bin:amd64 2.35-0ubuntu3
2026-03-22 14:09:43 status half-installed libc-bin:amd64 2.35-0ubuntu3
2026-03-22 14:09:43 status unpacked libc-bin:amd64 2.35-0ubuntu3
2026-03-22 14:09:44 startup packages configure
2026-03-22 14:09:44 configure libc-bin:amd64 2.35-0ubuntu3 <none>
2026-03-22 14:09:44 status unpacked libc-bin:amd64 2.35-0ubuntu3
2026-03-22 14:09:44 status half-configured libc-bin:amd64 2.35-0ubuntu3
2026-03-22 14:09:44 status installed libc-bin:amd64 2.35-0ubuntu3
2026-03-22 14:09:44 startup packages configure
2026-03-22 14:09:50 startup archives unpack
2026-03-22 14:09:50 upgrade libc6:amd64 2.35-0ubuntu3 2.35-0ubuntu3
2026-03-22 14:09:50 status triggers-pending libc-bin:amd64 2.35-0ubuntu3
2026-03-22 14:09:50 status half-configured libc6:amd64 2.35-0ubuntu3
2026-03-22 14:09:50 status unpacked libc6:amd64 2.35-0ubuntu3
2026-03-22 14:09:50 status half-installed libc6:amd64 2.35-0ubuntu3
2026-03-22 14:09:50 status unpacked libc6:amd64 2.35-0ubuntu3
2026-03-22 14:09:50 startup packages configure
2026-03-22 14:09:50 configure libc6:amd64 2.35-0ubuntu3 <none>
2026-03-22 14:09:50 status unpacked libc6:amd64 2.35-0ubuntu3
2026-03-22 14:09:50 status half-configured libc6:amd64 2.35-0ubuntu3
2026-03-22 14:09:51 status installed libc6:amd64 2.35-0ubuntu3
2026-03-22 14:09:52 startup packages configure
2026-03-22 14:09:52 trigproc libc-bin:amd64 2.35-0ubuntu3 <none>
2026-03-22 14:09:52 status half-configured libc-bin:amd64 2.35-0ubuntu3
2026-03-22 14:09:52 status installed libc-bin:amd64 2.35-0ubuntu3
2026-03-22 14:09:55 startup archives unpack
2026-03-22 14:09:55 upgrade libcap-ng0:amd64 0.7.9-2.2build3 0.7.9-2.2build3
2026-03-22 14:09:55 status triggers-pending libc-bin:amd64 2.35-0ubuntu3
2026-03-22 14:09:55 status half-configured libcap-ng0:amd64 0.7.9-2.2build3
2026-03-22 14:09:55 status unpacked libcap-ng0:amd64 0.7.9-2.2build3
2026-03-22 14:09:55 status half-installed libcap-ng0:amd64 0.7.9-2.2build3
2026-03-22 14:09:55 status unpacked libcap-ng0:amd64 0.7.9-2.2build3
2026-03-22 14:09:55 startup packages configure
2026-03-22 14:09:55 configure libcap-ng0:amd64 0.7.9-2.2build3 <none>
2026-03-22 14:09:55 status unpacked libcap-ng0:amd64 0.7.9-2.2build3
2026-03-22 14:09:55 status half-configured libcap-ng0:amd64 0.7.9-2.2build3
2026-03-22 14:09:55 status installed libcap-ng0:amd64 0.7.9-2.2build3
2026-03-22 14:09:56 startup packages configure
2026-03-22 14:09:56 trigproc libc-bin:amd64 2.35-0ubuntu3 <none>
2026-03-22 14:09:56 status half-configured libc-bin:amd64 2.35-0ubuntu3
2026-03-22 14:09:56 status installed libc-bin:amd64 2.35-0ubuntu3
2026-03-22 14:09:59 startup archives unpack
2026-03-22 14:09:59 upgrade libcap2:amd64 1:2.44-1build3 1:2.44-1build3
2026-03-22 14:09:59 status triggers-pending libc-bin:amd64 2.35-0ubuntu3
2026-03-22 14:09:59 status half-configured libcap2:amd64 1:2.44-1build3
2026-03-22 14:09:59 status unpacked libcap2:amd64 1:2.44-1build3
2026-03-22 14:09:59 status half-installed libcap2:amd64 1:2.44-1build3
2026-03-22 14:09:59 status unpacked libcap2:amd64 1:2.44-1build3
2026-03-22 14:09:59 startup packages configure
2026-03-22 14:09:59 configure libcap2:amd64 1:2.44-1build3 <none>
2026-03-22 14:09:59 status unpacked libcap2:amd64 1:2.44-1build3
2026-03-22 14:09:59 status half-configured libcap2:amd64 1:2.44-1build3
2026-03-22 14:09:59 status installed libcap2:amd64 1:2.44-1build3
2026-03-22 14:10:00 startup packages configure
2026-03-22 14:10:00 trigproc libc-bin:amd64 2.35-0ubuntu3 <none>
2026-03-22 14:10:00 status half-configured libc-bin:amd64 2.35-0ubuntu3
2026-03-22 14:10:00 status installed libc-bin:amd64 2.35-0ubuntu3
2026-03-22 14:10:03 startup archives unpack
2026-03-22 14:10:03 upgrade libcom-err2:amd64 1.46.5-2ubuntu1 1.46.5-2ubuntu1
2026-03-22 14:10:03 status triggers-pending libc-bin:amd64 2.35-0ubuntu3
2026-03-22 14:10:03 status half-configured libcom-err2:amd64 1.46.5-2ubuntu1
2026-03-22 14:10:03 status unpacked libcom-err2:amd64 1.46.5-2ubuntu1
2026-03-22 14:10:03 status half-installed libcom-err2:amd64 1.46.5-2ubuntu1
2026-03-22 14:10:03 status unpacked libcom-err2:amd64 1.46.5-2ubuntu1
2026-03-22 14:10:03 startup packages configure
2026-03-22 14:10:03 configure libcom-err2:amd64 1.46.5-2ubuntu1 <none>
2026-03-22 14:10:03 status unpacked libcom-err2:amd64 1.46.5-2ubuntu1
2026-03-22 14:10:03 status half-configured libcom-err2:amd64 1.46.5-2ubuntu1
2026-03-22 14:10:03 status installed libcom-err2:amd64 1.46.5-2ubuntu1
2026-03-22 14:10:04 startup packages configure
2026-03-22 14:10:04 trigproc libc-bin:amd64 2.35-0ubuntu3 <none>
2026-03-22 14:10:04 status half-configured libc-bin:amd64 2.35-0ubuntu3
2026-03-22 14:10:04 status installed libc-bin:amd64 2.35-0ubuntu3
2026-03-22 14:10:07 startup archives unpack
2026-03-22 14:10:07 upgrade libcrypt1:amd64 1:4.4.27-1 1:4.4.27-1
2026-03-22 14:10:07 status triggers-pending libc-bin:amd64 2.35-0ubuntu3
2026-03-22 14:10:07 status half-configured libcrypt1:amd64 1:4.4.27-1
2026-03-22 14:10:07 status unpacked libcrypt1:amd64 1:4.4.27-1
2026-03-22 14:10:07 status half-installed libcrypt1:amd64 1:4.4.27-1
2026-03-22 14:10:07 status unpacked libcrypt1:amd64 1:4.4.27-1
2026-03-22 14:10:07 startup packages configure
2026-03-22 14:10:07 configure libcrypt1:amd64 1:4.4.27-1 <none>
2026-03-22 14:10:07 status unpacked libcrypt1:amd64 1:4.4.27-1
2026-03-22 14:10:07 status half-configured libcrypt1:amd64 1:4.4.27-1
2026-03-22 14:10:07 status installed libcrypt1:amd64 1:4.4.27-1
2026-03-22 14:10:08 startup packages configure
2026-03-22 14:10:08 trigproc libc-bin:amd64 2.35-0ubuntu3 <none>
2026-03-22 14:10:08 status half-configured libc-bin:amd64 2.35-0ubuntu3
2026-03-22 14:10:08 status installed libc-bin:amd64 2.35-0ubuntu3
2026-03-22 14:10:12 startup archives unpack
2026-03-22 14:10:12 upgrade libdb5.3:amd64 5.3.28+dfsg1-0.8ubuntu3 5.3.28+dfsg1-0.8ubuntu3
2026-03-22 14:10:12 status triggers-pending libc-bin:amd64 2.35-0ubuntu3
2026-03-22 14:10:12 status half-configured libdb5.3:amd64 5.3.28+dfsg1-0.8ubuntu3
2026-03-22 14:10:12 status unpacked libdb5.3:amd64 5.3.28+dfsg1-0.8ubuntu3
2026-03-22 14:10:12 status half-installed libdb5.3:amd64 5.3.28+dfsg1-0.8ubuntu3
2026-03-22 14:10:12 status unpacked libdb5.3:amd64 5.3.28+dfsg1-0.8ubuntu3
2026-03-22 14:10:12 startup packages configure
2026-03-22 14:10:12 configure libdb5.3:amd64 5.3.28+dfsg1-0.8ubuntu3 <none>
2026-03-22 14:10:12 status unpacked libdb5.3:amd64 5.3.28+dfsg1-0.8ubuntu3
2026-03-22 14:10:12 status half-configured libdb5.3:amd64 5.3.28+dfsg1-0.8ubuntu3
2026-03-22 14:10:12 status installed libdb5.3:amd64 5.3.28+dfsg1-0.8ubuntu3
2026-03-22 14:10:12 startup packages configure
2026-03-22 14:10:12 trigproc libc-bin:amd64 2.35-0ubuntu3 <none>
2026-03-22 14:10:12 status half-configured libc-bin:amd64 2.35-0ubuntu3
2026-03-22 14:10:12 status installed libc-bin:amd64 2.35-0ubuntu3
2026-03-22 14:10:16 startup archives unpack
2026-03-22 14:10:16 upgrade libdebconfclient0:amd64 0.261ubuntu1 0.261ubuntu1
2026-03-22 14:10:16 status triggers-pending libc-bin:amd64 2.35-0ubuntu3
2026-03-22 14:10:16 status half-configured libdebconfclient0:amd64 0.261ubuntu1
2026-03-22 14:10:16 status unpacked libdebconfclient0:amd64 0.261ubuntu1
2026-03-22 14:10:16 status half-installed libdebconfclient0:amd64 0.261ubuntu1
2026-03-22 14:10:16 status unpacked libdebconfclient0:amd64 0.261ubuntu1
2026-03-22 14:10:16 startup packages configure
2026-03-22 14:10:16 configure libdebconfclient0:amd64 0.261ubuntu1 <none>
2026-03-22 14:10:16 status unpacked libdebconfclient0:amd64 0.261ubuntu1
2026-03-22 14:10:16 status half-configured libdebconfclient0:amd64 0.261ubuntu1
2026-03-22 14:10:16 status installed libdebconfclient0:amd64 0.261ubuntu1
2026-03-22 14:10:16 startup packages configure
2026-03-22 14:10:16 trigproc libc-bin:amd64 2.35-0ubuntu3 <none>
2026-03-22 14:10:16 status half-configured libc-bin:amd64 2.35-0ubuntu3
2026-03-22 14:10:16 status installed libc-bin:amd64 2.35-0ubuntu3
2026-03-22 14:10:20 startup archives unpack
2026-03-22 14:10:20 upgrade libext2fs2:amd64 1.46.5-2ubuntu1 1.46.5-2ubuntu1
2026-03-22 14:10:20 status triggers-pending libc-bin:amd64 2.35-0ubuntu3
2026-03-22 14:10:20 status half-configured libext2fs2:amd64 1.46.5-2ubuntu1
2026-03-22 14:10:20 status unpacked libext2fs2:amd64 1.46.5-2ubuntu1
2026-03-22 14:10:20 status half-installed libext2fs2:amd64 1.46.5-2ubuntu1
2026-03-22 14:10:20 status unpacked libext2fs2:amd64 1.46.5-2ubuntu1
2026-03-22 14:10:20 startup packages configure
2026-03-22 14:10:20 configure libext2fs2:amd64 1.46.5-2ubuntu1 <none>
2026-03-22 14:10:20 status unpacked libext2fs2:amd64 1.46.5-2ubuntu1
2026-03-22 14:10:20 status half-configured libext2fs2:amd64 1.46.5-2ubuntu1
2026-03-22 14:10:20 status installed libext2fs2:amd64 1.46.5-2ubuntu1
2026-03-22 14:10:20 trigproc libc-bin:amd64 2.35-0ubuntu3 <none>
2026-03-22 14:10:20 status half-configured libc-bin:amd64 2.35-0ubuntu3
2026-03-22 14:10:20 status installed libc-bin:amd64 2.35-0ubuntu3
2026-03-22 14:10:24 startup archives unpack
2026-03-22 14:10:24 upgrade libffi8:amd64 3.4.2-4 3.4.2-4
2026-03-22 14:10:24 status triggers-pending libc-bin:amd64 2.35-0ubuntu3
2026-03-22 14:10:24 status half-configured libffi8:amd64 3.4.2-4
2026-03-22 14:10:24 status unpacked libffi8:amd64 3.4.2-4
2026-03-22 14:10:24 status half-installed libffi8:amd64 3.4.2-4
2026-03-22 14:10:24 status unpacked libffi8:amd64 3.4.2-4
2026-03-22 14:10:24 startup packages configure
2026-03-22 14:10:24 configure libffi8:amd64 3.4.2-4 <none>
2026-03-22 14:10:24 status unpacked libffi8:amd64 3.4.2-4
2026-03-22 14:10:24 status half-configured libffi8:amd64 3.4.2-4
2026-03-22 14:10:24 status installed libffi8:amd64 3.4.2-4
2026-03-22 14:10:24 startup packages configure
2026-03-22 14:10:24 trigproc libc-bin:amd64 2.35-0ubuntu3 <none>
2026-03-22 14:10:24 status half-configured libc-bin:amd64 2.35-0ubuntu3
2026-03-22 14:10:24 status installed libc-bin:amd64 2.35-0ubuntu3
2026-03-22 14:10:28 startup archives unpack
2026-03-22 14:10:28 upgrade libgcc-s1:amd64 12-20220319-1ubuntu1 12-20220319-1ubuntu1
2026-03-22 14:10:28 status triggers-pending libc-bin:amd64 2.35-0ubuntu3
2026-03-22 14:10:28 status half-configured libgcc-s1:amd64 12-20220319-1ubuntu1
2026-03-22 14:10:28 status unpacked libgcc-s1:amd64 12-20220319-1ubuntu1
2026-03-22 14:10:28 status half-installed libgcc-s1:amd64 12-20220319-1ubuntu1
2026-03-22 14:10:28 status unpacked libgcc-s1:amd64 12-20220319-1ubuntu1
2026-03-22 14:10:28 startup packages configure
2026-03-22 14:10:28 configure libgcc-s1:amd64 12-20220319-1ubuntu1 <none>
2026-03-22 14:10:28 status unpacked libgcc-s1:amd64 12-20220319-1ubuntu1
2026-03-22 14:10:28 status half-configured libgcc-s1:amd64 12-20220319-1ubuntu1
2026-03-22 14:10:28 status installed libgcc-s1:amd64 12-20220319-1ubuntu1
2026-03-22 14:10:28 startup packages configure
2026-03-22 14:10:28 trigproc libc-bin:amd64 2.35-0ubuntu3 <none>
2026-03-22 14:10:28 status half-configured libc-bin:amd64 2.35-0ubuntu3
2026-03-22 14:10:28 status installed libc-bin:amd64 2.35-0ubuntu3
2026-03-22 14:10:32 startup archives unpack
2026-03-22 14:10:32 upgrade libgcrypt20:amd64 1.9.4-3ubuntu3 1.9.4-3ubuntu3
2026-03-22 14:10:32 status triggers-pending libc-bin:amd64 2.35-0ubuntu3
2026-03-22 14:10:32 status half-configured libgcrypt20:amd64 1.9.4-3ubuntu3
2026-03-22 14:10:32 status unpacked libgcrypt20:amd64 1.9.4-3ubuntu3
2026-03-22 14:10:32 status half-installed libgcrypt20:amd64 1.9.4-3ubuntu3
2026-03-22 14:10:32 status unpacked libgcrypt20:amd64 1.9.4-3ubuntu3
2026-03-22 14:10:33 startup packages configure
2026-03-22 14:10:33 configure libgcrypt20:amd64 1.9.4-3ubuntu3 <none>
2026-03-22 14:10:33 status unpacked libgcrypt20:amd64 1.9.4-3ubuntu3
2026-03-22 14:10:33 status half-configured libgcrypt20:amd64 1.9.4-3ubuntu3
2026-03-22 14:10:33 status installed libgcrypt20:amd64 1.9.4-3ubuntu3
2026-03-22 14:10:33 startup packages configure
2026-03-22 14:10:33 trigproc libc-bin:amd64 2.35-0ubuntu3 <none>
2026-03-22 14:10:33 status half-configured libc-bin:amd64 2.35-0ubuntu3
2026-03-22 14:10:33 status installed libc-bin:amd64 2.35-0ubuntu3
2026-03-22 14:10:36 startup archives unpack
2026-03-22 14:10:36 upgrade libgmp10:amd64 2:6.2.1+dfsg-3ubuntu1 2:6.2.1+dfsg-3ubuntu1
2026-03-22 14:10:36 status triggers-pending libc-bin:amd64 2.35-0ubuntu3
2026-03-22 14:10:36 status half-configured libgmp10:amd64 2:6.2.1+dfsg-3ubuntu1
2026-03-22 14:10:36 status unpacked libgmp10:amd64 2:6.2.1+dfsg-3ubuntu1
2026-03-22 14:10:36 status half-installed libgmp10:amd64 2:6.2.1+dfsg-3ubuntu1
2026-03-22 14:10:36 status unpacked libgmp10:amd64 2:6.2.1+dfsg-3ubuntu1
2026-03-22 14:10:37 startup packages configure
2026-03-22 14:10:37 configure libgmp10:amd64 2:6.2.1+dfsg-3ubuntu1 <none>
2026-03-22 14:10:37 status unpacked libgmp10:amd64 2:6.2.1+dfsg-3ubuntu1
2026-03-22 14:10:37 status half-configured libgmp10:amd64 2:6.2.1+dfsg-3ubuntu1
2026-03-22 14:10:37 status installed libgmp10:amd64 2:6.2.1+dfsg-3ubuntu1
2026-03-22 14:10:37 startup packages configure
2026-03-22 14:10:37 trigproc libc-bin:amd64 2.35-0ubuntu3 <none>
2026-03-22 14:10:37 status half-configured libc-bin:amd64 2.35-0ubuntu3
2026-03-22 14:10:37 status installed libc-bin:amd64 2.35-0ubuntu3
2026-03-22 14:10:42 startup archives unpack
2026-03-22 14:10:42 upgrade libgnutls30:amd64 3.7.3-4ubuntu1 3.7.3-4ubuntu1
2026-03-22 14:10:42 status triggers-pending libc-bin:amd64 2.35-0ubuntu3
2026-03-22 14:10:42 status half-configured libgnutls30:amd64 3.7.3-4ubuntu1
2026-03-22 14:10:42 status unpacked libgnutls30:amd64 3.7.3-4ubuntu1
2026-03-22 14:10:42 status half-installed libgnutls30:amd64 3.7.3-4ubuntu1
2026-03-22 14:10:42 status unpacked libgnutls30:amd64 3.7.3-4ubuntu1
2026-03-22 14:10:42 startup packages configure
2026-03-22 14:10:42 configure libgnutls30:amd64 3.7.3-4ubuntu1 <none>
2026-03-22 14:10:42 status unpacked libgnutls30:amd64 3.7.3-4ubuntu1
2026-03-22 14:10:42 status half-configured libgnutls30:amd64 3.7.3-4ubuntu1
2026-03-22 14:10:42 status installed libgnutls30:amd64 3.7.3-4ubuntu1
2026-03-22 14:10:43 startup packages configure
2026-03-22 14:10:43 trigproc libc-bin:amd64 2.35-0ubuntu3 <none>
2026-03-22 14:10:43 status half-configured libc-bin:amd64 2.35-0ubuntu3
2026-03-22 14:10:43 status installed libc-bin:amd64 2.35-0ubuntu3
2026-03-22 14:10:46 startup archives unpack
2026-03-22 14:10:46 upgrade libgpg-error0:amd64 1.43-3 1.43-3
2026-03-22 14:10:46 status triggers-pending libc-bin:amd64 2.35-0ubuntu3
2026-03-22 14:10:46 status half-configured libgpg-error0:amd64 1.43-3
2026-03-22 14:10:46 status unpacked libgpg-error0:amd64 1.43-3
2026-03-22 14:10:46 status half-installed libgpg-error0:amd64 1.43-3
2026-03-22 14:10:46 status unpacked libgpg-error0:amd64 1.43-3
2026-03-22 14:10:46 startup packages configure
2026-03-22 14:10:46 configure libgpg-error0:amd64 1.43-3 <none>
2026-03-22 14:10:46 status unpacked libgpg-error0:amd64 1.43-3
2026-03-22 14:10:46 status half-configured libgpg-error0:amd64 1.43-3
2026-03-22 14:10:46 status installed libgpg-error0:amd64 1.43-3
2026-03-22 14:10:47 startup packages configure
2026-03-22 14:10:47 trigproc libc-bin:amd64 2.35-0ubuntu3 <none>
2026-03-22 14:10:47 status half-configured libc-bin:amd64 2.35-0ubuntu3
2026-03-22 14:10:47 status installed libc-bin:amd64 2.35-0ubuntu3
2026-03-22 14:10:50 startup archives unpack
2026-03-22 14:10:50 upgrade libgssapi-krb5-2:amd64 1.19.2-2 1.19.2-2
2026-03-22 14:10:50 status triggers-pending libc-bin:amd64 2.35-0ubuntu3
2026-03-22 14:10:50 status half-configured libgssapi-krb5-2:amd64 1.19.2-2
2026-03-22 14:10:50 status unpacked libgssapi-krb5-2:amd64 1.19.2-2
2026-03-22 14:10:50 status half-installed libgssapi-krb5-2:amd64 1.19.2-2
2026-03-22 14:10:50 status unpacked libgssapi-krb5-2:amd64 1.19.2-2
2026-03-22 14:10:50 startup packages configure
2026-03-22 14:10:50 configure libgssapi-krb5-2:amd64 1.19.2-2 <none>
2026-03-22 14:10:50 status unpacked libgssapi-krb5-2:amd64 1.19.2-2
2026-03-22 14:10:50 status half-configured libgssapi-krb5-2:amd64 1.19.2-2
2026-03-22 14:10:50 status installed libgssapi-krb5-2:amd64 1.19.2-2
2026-03-22 14:10:51 startup packages configure
2026-03-22 14:10:51 trigproc libc-bin:amd64 2.35-0ubuntu3 <none>
2026-03-22 14:10:51 status half-configured libc-bin:amd64 2.35-0ubuntu3
2026-03-22 14:10:51 status installed libc-bin:amd64 2.35-0ubuntu3
2026-03-22 14:10:54 startup archives unpack
2026-03-22 14:10:54 upgrade libhogweed6:amd64 3.7.3-1build2 3.7.3-1build2
2026-03-22 14:10:54 status triggers-pending libc-bin:amd64 2.35-0ubuntu3
2026-03-22 14:10:54 status half-configured libhogweed6:amd64 3.7.3-1build2
2026-03-22 14:10:54 status unpacked libhogweed6:amd64 3.7.3-1build2
2026-03-22 14:10:54 status half-installed libhogweed6:amd64 3.7.3-1build2
2026-03-22 14:10:54 status unpacked libhogweed6:amd64 3.7.3-1build2
2026-03-22 14:10:55 startup packages configure
2026-03-22 14:10:55 configure libhogweed6:amd64 3.7.3-1build2 <none>
2026-03-22 14:10:55 status unpacked libhogweed6:amd64 3.7.3-1build2
2026-03-22 14:10:55 status half-configured libhogweed6:amd64 3.7.3-1build2
2026-03-22 14:10:55 status installed libhogweed6:amd64 3.7.3-1build2
2026-03-22 14:10:55 startup packages configure
2026-03-22 14:10:55 trigproc libc-bin:amd64 2.35-0ubuntu3 <none>
2026-03-22 14:10:55 status half-configured libc-bin:amd64 2.35-0ubuntu3
2026-03-22 14:10:55 status installed libc-bin:amd64 2.35-0ubuntu3
2026-03-22 14:10:59 startup archives unpack
2026-03-22 14:10:59 upgrade libidn2-0:amd64 2.3.2-2build1 2.3.2-2build1
2026-03-22 14:10:59 status triggers-pending libc-bin:amd64 2.35-0ubuntu3
2026-03-22 14:10:59 status half-configured libidn2-0:amd64 2.3.2-2build1
2026-03-22 14:10:59 status unpacked libidn2-0:amd64 2.3.2-2build1
2026-03-22 14:10:59 status half-installed libidn2-0:amd64 2.3.2-2build1
2026-03-22 14:10:59 status unpacked libidn2-0:amd64 2.3.2-2build1
2026-03-22 14:10:59 startup packages configure
2026-03-22 14:10:59 configure libidn2-0:amd64 2.3.2-2build1 <none>
2026-03-22 14:10:59 status unpacked libidn2-0:amd64 2.3.2-2build1
2026-03-22 14:10:59 status half-configured libidn2-0:amd64 2.3.2-2build1
2026-03-22 14:10:59 status installed libidn2-0:amd64 2.3.2-2build1
2026-03-22 14:10:59 startup packages configure
2026-03-22 14:10:59 trigproc libc-bin:amd64 2.35-0ubuntu3 <none>
2026-03-22 14:10:59 status half-configured libc-bin:amd64 2.35-0ubuntu3
2026-03-22 14:10:59 status installed libc-bin:amd64 2.35-0ubuntu3
2026-03-22 14:11:03 startup archives unpack
2026-03-22 14:11:03 upgrade libk5crypto3:amd64 1.19.2-2 1.19.2-2
2026-03-22 14:11:03 status triggers-pending libc-bin:amd64 2.35-0ubuntu3
2026-03-22 14:11:03 status half-configured libk5crypto3:amd64 1.19.2-2
2026-03-22 14:11:03 status unpacked libk5crypto3:amd64 1.19.2-2
2026-03-22 14:11:03 status half-installed libk5crypto3:amd64 1.19.2-2
2026-03-22 14:11:03 status unpacked libk5crypto3:amd64 1.19.2-2
2026-03-22 14:11:03 startup packages configure
2026-03-22 14:11:03 configure libk5crypto3:amd64 1.19.2-2 <none>
2026-03-22 14:11:03 status unpacked libk5crypto3:amd64 1.19.2-2
2026-03-22 14:11:03 status half-configured libk5crypto3:amd64 1.19.2-2
2026-03-22 14:11:03 status installed libk5crypto3:amd64 1.19.2-2
2026-03-22 14:11:03 startup packages configure
2026-03-22 14:11:03 trigproc libc-bin:amd64 2.35-0ubuntu3 <none>
2026-03-22 14:11:03 status half-configured libc-bin:amd64 2.35-0ubuntu3
2026-03-22 14:11:03 status installed libc-bin:amd64 2.35-0ubuntu3
2026-03-22 14:11:07 startup archives unpack
2026-03-22 14:11:07 upgrade libkeyutils1:amd64 1.6.1-2ubuntu3 1.6.1-2ubuntu3
2026-03-22 14:11:07 status triggers-pending libc-bin:amd64 2.35-0ubuntu3
2026-03-22 14:11:07 status half-configured libkeyutils1:amd64 1.6.1-2ubuntu3
2026-03-22 14:11:07 status unpacked libkeyutils1:amd64 1.6.1-2ubuntu3
2026-03-22 14:11:07 status half-installed libkeyutils1:amd64 1.6.1-2ubuntu3
2026-03-22 14:11:07 status unpacked libkeyutils1:amd64 1.6.1-2ubuntu3
2026-03-22 14:11:07 startup packages configure
2026-03-22 14:11:07 configure libkeyutils1:amd64 1.6.1-2ubuntu3 <none>
2026-03-22 14:11:07 status unpacked libkeyutils1:amd64 1.6.1-2ubuntu3
2026-03-22 14:11:07 status half-configured libkeyutils1:amd64 1.6.1-2ubuntu3
2026-03-22 14:11:07 status installed libkeyutils1:amd64 1.6.1-2ubuntu3
2026-03-22 14:11:07 startup packages configure
2026-03-22 14:11:07 trigproc libc-bin:amd64 2.35-0ubuntu3 <none>
2026-03-22 14:11:07 status half-configured libc-bin:amd64 2.35-0ubuntu3
2026-03-22 14:11:07 status installed libc-bin:amd64 2.35-0ubuntu3
2026-03-22 14:11:11 startup archives unpack
2026-03-22 14:11:11 upgrade libkrb5-3:amd64 1.19.2-2 1.19.2-2
2026-03-22 14:11:11 status triggers-pending libc-bin:amd64 2.35-0ubuntu3
2026-03-22 14:11:11 status half-configured libkrb5-3:amd64 1.19.2-2
2026-03-22 14:11:11 status unpacked libkrb5-3:amd64 1.19.2-2
2026-03-22 14:11:11 status half-installed libkrb5-3:amd64 1.19.2-2
2026-03-22 14:11:11 status unpacked libkrb5-3:amd64 1.19.2-2
2026-03-22 14:11:11 startup packages configure
2026-03-22 14:11:11 configure libkrb5-3:amd64 1.19.2-2 <none>
2026-03-22 14:11:11 status unpacked libkrb5-3:amd64 1.19.2-2
2026-03-22 14:11:11 status half-configured libkrb5-3:amd64 1.19.2-2
2026-03-22 14:11:11 status installed libkrb5-3:amd64 1.19.2-2
2026-03-22 14:11:12 startup packages configure
2026-03-22 14:11:12 trigproc libc-bin:amd64 2.35-0ubuntu3 <none>
2026-03-22 14:11:12 status half-configured libc-bin:amd64 2.35-0ubuntu3
2026-03-22 14:11:12 status installed libc-bin:amd64 2.35-0ubuntu3
2026-03-22 14:11:15 startup archives unpack
2026-03-22 14:11:15 upgrade libkrb5support0:amd64 1.19.2-2 1.19.2-2
2026-03-22 14:11:15 status triggers-pending libc-bin:amd64 2.35-0ubuntu3
2026-03-22 14:11:15 status half-configured libkrb5support0:amd64 1.19.2-2
2026-03-22 14:11:15 status unpacked libkrb5support0:amd64 1.19.2-2
2026-03-22 14:11:15 status half-installed libkrb5support0:amd64 1.19.2-2
2026-03-22 14:11:15 status unpacked libkrb5support0:amd64 1.19.2-2
2026-03-22 14:11:16 startup packages configure
2026-03-22 14:11:16 configure libkrb5support0:amd64 1.19.2-2 <none>
2026-03-22 14:11:16 status unpacked libkrb5support0:amd64 1.19.2-2
2026-03-22 14:11:16 status half-configured libkrb5support0:amd64 1.19.2-2
2026-03-22 14:11:16 status installed libkrb5support0:amd64 1.19.2-2
2026-03-22 14:11:16 startup packages configure
2026-03-22 14:11:16 trigproc libc-bin:amd64 2.35-0ubuntu3 <none>
2026-03-22 14:11:16 status half-configured libc-bin:amd64 2.35-0ubuntu3
2026-03-22 14:11:16 status installed libc-bin:amd64 2.35-0ubuntu3
2026-03-22 14:11:19 startup archives unpack
2026-03-22 14:11:19 upgrade liblz4-1:amd64 1.9.3-2build2 1.9.3-2build2
2026-03-22 14:11:19 status triggers-pending libc-bin:amd64 2.35-0ubuntu3
2026-03-22 14:11:19 status half-configured liblz4-1:amd64 1.9.3-2build2
2026-03-22 14:11:19 status unpacked liblz4-1:amd64 1.9.3-2build2
2026-03-22 14:11:19 status half-installed liblz4-1:amd64 1.9.3-2build2
2026-03-22 14:11:19 status unpacked liblz4-1:amd64 1.9.3-2build2
2026-03-22 14:11:20 startup packages configure
2026-03-22 14:11:20 configure liblz4-1:amd64 1.9.3-2build2 <none>
2026-03-22 14:11:20 status unpacked liblz4-1:amd64 1.9.3-2build2
2026-03-22 14:11:20 status half-configured liblz4-1:amd64 1.9.3-2build2
2026-03-22 14:11:20 status installed liblz4-1:amd64 1.9.3-2build2
2026-03-22 14:11:20 startup packages configure
2026-03-22 14:11:20 trigproc libc-bin:amd64 2.35-0ubuntu3 <none>
2026-03-22 14:11:20 status half-configured libc-bin:amd64 2.35-0ubuntu3
2026-03-22 14:11:20 status installed libc-bin:amd64 2.35-0ubuntu3
2026-03-22 14:11:24 startup archives unpack
2026-03-22 14:11:24 upgrade liblzma5:amd64 5.2.5-2ubuntu1 5.2.5-2ubuntu1
2026-03-22 14:11:24 status triggers-pending libc-bin:amd64 2.35-0ubuntu3
2026-03-22 14:11:24 status half-configured liblzma5:amd64 5.2.5-2ubuntu1
2026-03-22 14:11:24 status unpacked liblzma5:amd64 5.2.5-2ubuntu1
2026-03-22 14:11:24 status half-installed liblzma5:amd64 5.2.5-2ubuntu1
2026-03-22 14:11:24 status unpacked liblzma5:amd64 5.2.5-2ubuntu1
2026-03-22 14:11:24 startup packages configure
2026-03-22 14:11:24 configure liblzma5:amd64 5.2.5-2ubuntu1 <none>
2026-03-22 14:11:24 status unpacked liblzma5:amd64 5.2.5-2ubuntu1
2026-03-22 14:11:24 status half-configured liblzma5:amd64 5.2.5-2ubuntu1
2026-03-22 14:11:24 status installed liblzma5:amd64 5.2.5-2ubuntu1
2026-03-22 14:11:24 startup packages configure
2026-03-22 14:11:24 trigproc libc-bin:amd64 2.35-0ubuntu3 <none>
2026-03-22 14:11:24 status half-configured libc-bin:amd64 2.35-0ubuntu3
2026-03-22 14:11:24 status installed libc-bin:amd64 2.35-0ubuntu3
2026-03-22 14:11:28 startup archives unpack
2026-03-22 14:11:28 upgrade libmount1:amd64 2.37.2-4ubuntu3 2.37.2-4ubuntu3
2026-03-22 14:11:28 status triggers-pending libc-bin:amd64 2.35-0ubuntu3
2026-03-22 14:11:28 status half-configured libmount1:amd64 2.37.2-4ubuntu3
2026-03-22 14:11:28 status unpacked libmount1:amd64 2.37.2-4ubuntu3
2026-03-22 14:11:28 status half-installed libmount1:amd64 2.37.2-4ubuntu3
2026-03-22 14:11:28 status unpacked libmount1:amd64 2.37.2-4ubuntu3
2026-03-22 14:11:28 startup packages configure
2026-03-22 14:11:28 configure libmount1:amd64 2.37.2-4ubuntu3 <none>
2026-03-22 14:11:28 status unpacked libmount1:amd64 2.37.2-4ubuntu3
2026-03-22 14:11:28 status half-configured libmount1:amd64 2.37.2-4ubuntu3
2026-03-22 14:11:28 status installed libmount1:amd64 2.37.2-4ubuntu3
2026-03-22 14:11:28 startup packages configure
2026-03-22 14:11:28 trigproc libc-bin:amd64 2.35-0ubuntu3 <none>
2026-03-22 14:11:28 status half-configured libc-bin:amd64 2.35-0ubuntu3
2026-03-22 14:11:28 status installed libc-bin:amd64 2.35-0ubuntu3
2026-03-22 14:11:32 startup archives unpack
2026-03-22 14:11:32 upgrade libncurses6:amd64 6.3-2 6.3-2
2026-03-22 14:11:32 status triggers-pending libc-bin:amd64 2.35-0ubuntu3
2026-03-22 14:11:32 status half-configured libncurses6:amd64 6.3-2
2026-03-22 14:11:32 status unpacked libncurses6:amd64 6.3-2
2026-03-22 14:11:32 status half-installed libncurses6:amd64 6.3-2
2026-03-22 14:11:32 status unpacked libncurses6:amd64 6.3-2
2026-03-22 14:11:32 startup packages configure
2026-03-22 14:11:32 configure libncurses6:amd64 6.3-2 <none>
2026-03-22 14:11:32 status unpacked libncurses6:amd64 6.3-2
2026-03-22 14:11:32 status half-configured libncurses6:amd64 6.3-2
2026-03-22 14:11:32 status installed libncurses6:amd64 6.3-2
2026-03-22 14:11:32 trigproc libc-bin:amd64 2.35-0ubuntu3 <none>
2026-03-22 14:11:32 status half-configured libc-bin:amd64 2.35-0ubuntu3
2026-03-22 14:11:32 status installed libc-bin:amd64 2.35-0ubuntu3
2026-03-22 14:11:36 startup archives unpack
2026-03-22 14:11:36 upgrade libncursesw6:amd64 6.3-2 6.3-2
2026-03-22 14:11:36 status triggers-pending libc-bin:amd64 2.35-0ubuntu3
2026-03-22 14:11:36 status half-configured libncursesw6:amd64 6.3-2
2026-03-22 14:11:36 status unpacked libncursesw6:amd64 6.3-2
2026-03-22 14:11:36 status half-installed libncursesw6:amd64 6.3-2
2026-03-22 14:11:36 status unpacked libncursesw6:amd64 6.3-2
2026-03-22 14:11:36 startup packages configure
2026-03-22 14:11:36 configure libncursesw6:amd64 6.3-2 <none>
2026-03-22 14:11:36 status unpacked libncursesw6:amd64 6.3-2
2026-03-22 14:11:36 status half-configured libncursesw6:amd64 6.3-2
2026-03-22 14:11:36 status installed libncursesw6:amd64 6.3-2
2026-03-22 14:11:36 trigproc libc-bin:amd64 2.35-0ubuntu3 <none>
2026-03-22 14:11:36 status half-configured libc-bin:amd64 2.35-0ubuntu3
2026-03-22 14:11:36 status installed libc-bin:amd64 2.35-0ubuntu3
2026-03-22 14:11:40 startup archives unpack
2026-03-22 14:11:40 upgrade libnettle8:amd64 3.7.3-1build2 3.7.3-1build2
2026-03-22 14:11:40 status triggers-pending libc-bin:amd64 2.35-0ubuntu3
2026-03-22 14:11:40 status half-configured libnettle8:amd64 3.7.3-1build2
2026-03-22 14:11:40 status unpacked libnettle8:amd64 3.7.3-1build2
2026-03-22 14:11:40 status half-installed libnettle8:amd64 3.7.3-1build2
2026-03-22 14:11:40 status unpacked libnettle8:amd64 3.7.3-1build2
2026-03-22 14:11:40 startup packages configure
2026-03-22 14:11:40 configure libnettle8:amd64 3.7.3-1build2 <none>
2026-03-22 14:11:40 status unpacked libnettle8:amd64 3.7.3-1build2
2026-03-22 14:11:40 status half-configured libnettle8:amd64 3.7.3-1build2
2026-03-22 14:11:40 status installed libnettle8:amd64 3.7.3-1build2
2026-03-22 14:11:40 startup packages configure
2026-03-22 14:11:40 trigproc libc-bin:amd64 2.35-0ubuntu3 <none>
2026-03-22 14:11:40 status half-configured libc-bin:amd64 2.35-0ubuntu3
2026-03-22 14:11:40 status installed libc-bin:amd64 2.35-0ubuntu3
2026-03-22 14:11:44 startup archives unpack
2026-03-22 14:11:44 upgrade libnsl2:amd64 1.3.0-2build2 1.3.0-2build2
2026-03-22 14:11:44 status triggers-pending libc-bin:amd64 2.35-0ubuntu3
2026-03-22 14:11:44 status half-configured libnsl2:amd64 1.3.0-2build2
2026-03-22 14:11:44 status unpacked libnsl2:amd64 1.3.0-2build2
2026-03-22 14:11:44 status half-installed libnsl2:amd64 1.3.0-2build2
2026-03-22 14:11:44 status unpacked libnsl2:amd64 1.3.0-2build2
2026-03-22 14:11:44 startup packages configure
2026-03-22 14:11:44 configure libnsl2:amd64 1.3.0-2build2 <none>
2026-03-22 14:11:44 status unpacked libnsl2:amd64 1.3.0-2build2
2026-03-22 14:11:44 status half-configured libnsl2:amd64 1.3.0-2build2
2026-03-22 14:11:44 status installed libnsl2:amd64 1.3.0-2build2
2026-03-22 14:11:44 startup packages configure
2026-03-22 14:11:44 trigproc libc-bin:amd64 2.35-0ubuntu3 <none>
2026-03-22 14:11:44 status half-configured libc-bin:amd64 2.35-0ubuntu3
2026-03-22 14:11:44 status installed libc-bin:amd64 2.35-0ubuntu3
2026-03-22 14:11:48 startup archives unpack
2026-03-22 14:11:48 upgrade libp11-kit0:amd64 0.24.0-6build1 0.24.0-6build1
2026-03-22 14:11:48 status triggers-pending libc-bin:amd64 2.35-0ubuntu3
2026-03-22 14:11:48 status half-configured libp11-kit0:amd64 0.24.0-6build1
2026-03-22 14:11:48 status unpacked libp11-kit0:amd64 0.24.0-6build1
2026-03-22 14:11:48 status half-installed libp11-kit0:amd64 0.24.0-6build1
2026-03-22 14:11:48 status unpacked libp11-kit0:amd64 0.24.0-6build1
2026-03-22 14:11:48 startup packages configure
2026-03-22 14:11:48 configure libp11-kit0:amd64 0.24.0-6build1 <none>
2026-03-22 14:11:48 status unpacked libp11-kit0:amd64 0.24.0-6build1
2026-03-22 14:11:48 status half-configured libp11-kit0:amd64 0.24.0-6build1
2026-03-22 14:11:48 status installed libp11-kit0:amd64 0.24.0-6build1
2026-03-22 14:11:49 startup packages configure
2026-03-22 14:11:49 trigproc libc-bin:amd64 2.35-0ubuntu3 <none>
2026-03-22 14:11:49 status half-configured libc-bin:amd64 2.35-0ubuntu3
2026-03-22 14:11:49 status installed libc-bin:amd64 2.35-0ubuntu3
2026-03-22 14:11:52 startup archives unpack
2026-03-22 14:11:52 upgrade libpam-modules:amd64 1.4.0-11ubuntu2 1.4.0-11ubuntu2
2026-03-22 14:11:52 status half-configured libpam-modules:amd64 1.4.0-11ubuntu2
2026-03-22 14:11:52 status unpacked libpam-modules:amd64 1.4.0-11ubuntu2
2026-03-22 14:11:52 status half-installed libpam-modules:amd64 1.4.0-11ubuntu2
2026-03-22 14:11:52 status unpacked libpam-modules:amd64 1.4.0-11ubuntu2
2026-03-22 14:11:53 startup packages configure
2026-03-22 14:11:53 configure libpam-modules:amd64 1.4.0-11ubuntu2 <none>
2026-03-22 14:11:53 status unpacked libpam-modules:amd64 1.4.0-11ubuntu2
2026-03-22 14:11:53 status half-configured libpam-modules:amd64 1.4.0-11ubuntu2
2026-03-22 14:11:53 status installed libpam-modules:amd64 1.4.0-11ubuntu2
2026-03-22 14:11:53 startup packages configure
2026-03-22 14:11:56 startup archives unpack
2026-03-22 14:11:56 upgrade libpam-modules-bin:amd64 1.4.0-11ubuntu2 1.4.0-11ubuntu2
2026-03-22 14:11:56 status half-configured libpam-modules-bin:amd64 1.4.0-11ubuntu2
2026-03-22 14:11:56 status unpacked libpam-modules-bin:amd64 1.4.0-11ubuntu2
2026-03-22 14:11:56 status half-installed libpam-modules-bin:amd64 1.4.0-11ubuntu2
2026-03-22 14:11:56 status unpacked libpam-modules-bin:amd64 1.4.0-11ubuntu2
2026-03-22 14:11:57 startup packages configure
2026-03-22 14:11:57 configure libpam-modules-bin:amd64 1.4.0-11ubuntu2 <none>
2026-03-22 14:11:57 status unpacked libpam-modules-bin:amd64 1.4.0-11ubuntu2
2026-03-22 14:11:57 status half-configured libpam-modules-bin:amd64 1.4.0-11ubuntu2
2026-03-22 14:11:57 status installed libpam-modules-bin:amd64 1.4.0-11ubuntu2
2026-03-22 14:11:57 startup packages configure
2026-03-22 14:12:00 startup archives unpack
2026-03-22 14:12:00 upgrade libpam-runtime:all 1.4.0-11ubuntu2 1.4.0-11ubuntu2
2026-03-22 14:12:00 status half-configured libpam-runtime:all 1.4.0-11ubuntu2
2026-03-22 14:12:00 status unpacked libpam-runtime:all 1.4.0-11ubuntu2
2026-03-22 14:12:00 status half-installed libpam-runtime:all 1.4.0-11ubuntu2
2026-03-22 14:12:00 status unpacked libpam-runtime:all 1.4.0-11ubuntu2
2026-03-22 14:12:00 startup packages configure
2026-03-22 14:12:00 configure libpam-runtime:all 1.4.0-11ubuntu2 <none>
2026-03-22 14:12:00 status unpacked libpam-runtime:all 1.4.0-11ubuntu2
2026-03-22 14:12:01 status half-configured libpam-runtime:all 1.4.0-11ubuntu2
2026-03-22 14:12:01 status installed libpam-runtime:all 1.4.0-11ubuntu2
2026-03-22 14:12:01 startup packages configure
2026-03-22 14:12:04 startup archives unpack
2026-03-22 14:12:04 upgrade libpam0g:amd64 1.4.0-11ubuntu2 1.4.0-11ubuntu2
2026-03-22 14:12:04 status triggers-pending libc-bin:amd64 2.35-0ubuntu3
2026-03-22 14:12:04 status half-configured libpam0g:amd64 1.4.0-11ubuntu2
2026-03-22 14:12:04 status unpacked libpam0g:amd64 1.4.0-11ubuntu2
2026-03-22 14:12:04 status half-installed libpam0g:amd64 1.4.0-11ubuntu2
2026-03-22 14:12:04 status unpacked libpam0g:amd64 1.4.0-11ubuntu2
2026-03-22 14:12:05 startup packages configure
2026-03-22 14:12:05 configure libpam0g:amd64 1.4.0-11ubuntu2 <none>
2026-03-22 14:12:05 status unpacked libpam0g:amd64 1.4.0-11ubuntu2
2026-03-22 14:12:05 status half-configured libpam0g:amd64 1.4.0-11ubuntu2
2026-03-22 14:12:05 status installed libpam0g:amd64 1.4.0-11ubuntu2
2026-03-22 14:12:05 startup packages configure
2026-03-22 14:12:05 trigproc libc-bin:amd64 2.35-0ubuntu3 <none>
2026-03-22 14:12:05 status half-configured libc-bin:amd64 2.35-0ubuntu3
2026-03-22 14:12:05 status installed libc-bin:amd64 2.35-0ubuntu3
2026-03-22 14:12:09 startup archives unpack
2026-03-22 14:12:09 upgrade libpcre2-8-0:amd64 10.39-3build1 10.39-3build1
2026-03-22 14:12:09 status triggers-pending libc-bin:amd64 2.35-0ubuntu3
2026-03-22 14:12:09 status half-configured libpcre2-8-0:amd64 10.39-3build1
2026-03-22 14:12:09 status unpacked libpcre2-8-0:amd64 10.39-3build1
2026-03-22 14:12:09 status half-installed libpcre2-8-0:amd64 10.39-3build1
2026-03-22 14:12:09 status unpacked libpcre2-8-0:amd64 10.39-3build1
2026-03-22 14:12:09 startup packages configure
2026-03-22 14:12:09 configure libpcre2-8-0:amd64 10.39-3build1 <none>
2026-03-22 14:12:09 status unpacked libpcre2-8-0:amd64 10.39-3build1
2026-03-22 14:12:09 status half-configured libpcre2-8-0:amd64 10.39-3build1
2026-03-22 14:12:09 status installed libpcre2-8-0:amd64 10.39-3build1
2026-03-22 14:12:09 startup packages configure
2026-03-22 14:12:09 trigproc libc-bin:amd64 2.35-0ubuntu3 <none>
2026-03-22 14:12:09 status half-configured libc-bin:amd64 2.35-0ubuntu3
2026-03-22 14:12:09 status installed libc-bin:amd64 2.35-0ubuntu3
2026-03-22 14:12:13 startup archives unpack
2026-03-22 14:12:13 upgrade libpcre3:amd64 2:8.39-13build5 2:8.39-13build5
2026-03-22 14:12:13 status triggers-pending libc-bin:amd64 2.35-0ubuntu3
2026-03-22 14:12:13 status half-configured libpcre3:amd64 2:8.39-13build5
2026-03-22 14:12:13 status unpacked libpcre3:amd64 2:8.39-13build5
2026-03-22 14:12:13 status half-installed libpcre3:amd64 2:8.39-13build5
2026-03-22 14:12:13 status unpacked libpcre3:amd64 2:8.39-13build5
2026-03-22 14:12:13 startup packages configure
2026-03-22 14:12:13 configure libpcre3:amd64 2:8.39-13build5 <none>
2026-03-22 14:12:13 status unpacked libpcre3:amd64 2:8.39-13build5
2026-03-22 14:12:13 status half-configured libpcre3:amd64 2:8.39-13build5
2026-03-22 14:12:13 status installed libpcre3:amd64 2:8.39-13build5
2026-03-22 14:12:14 startup packages configure
2026-03-22 14:12:14 trigproc libc-bin:amd64 2.35-0ubuntu3 <none>
2026-03-22 14:12:14 status half-configured libc-bin:amd64 2.35-0ubuntu3
2026-03-22 14:12:14 status installed libc-bin:amd64 2.35-0ubuntu3
2026-03-22 14:12:17 startup archives unpack
2026-03-22 14:12:17 upgrade libprocps8:amd64 2:3.3.17-6ubuntu2 2:3.3.17-6ubuntu2
2026-03-22 14:12:17 status triggers-pending libc-bin:amd64 2.35-0ubuntu3
2026-03-22 14:12:17 status half-configured libprocps8:amd64 2:3.3.17-6ubuntu2
2026-03-22 14:12:17 status unpacked libprocps8:amd64 2:3.3.17-6ubuntu2
2026-03-22 14:12:17 status half-installed libprocps8:amd64 2:3.3.17-6ubuntu2
2026-03-22 14:12:17 status unpacked libprocps8:amd64 2:3.3.17-6ubuntu2
2026-03-22 14:12:17 startup packages configure
2026-03-22 14:12:17 configure libprocps8:amd64 2:3.3.17-6ubuntu2 <none>
2026-03-22 14:12:17 status unpacked libprocps8:amd64 2:3.3.17-6ubuntu2
2026-03-22 14:12:17 status half-configured libprocps8:amd64 2:3.3.17-6ubuntu2
2026-03-22 14:12:17 status installed libprocps8:amd64 2:3.3.17-6ubuntu2
2026-03-22 14:12:17 trigproc libc-bin:amd64 2.35-0ubuntu3 <none>
2026-03-22 14:12:17 status half-configured libc-bin:amd64 2.35-0ubuntu3
2026-03-22 14:12:17 status installed libc-bin:amd64 2.35-0ubuntu3
2026-03-22 14:12:21 startup archives unpack
2026-03-22 14:12:21 upgrade libseccomp2:amd64 2.5.3-2ubuntu2 2.5.3-2ubuntu2
2026-03-22 14:12:21 status triggers-pending libc-bin:amd64 2.35-0ubuntu3
2026-03-22 14:12:21 status half-configured libseccomp2:amd64 2.5.3-2ubuntu2
2026-03-22 14:12:21 status unpacked libseccomp2:amd64 2.5.3-2ubuntu2
2026-03-22 14:12:21 status half-installed libseccomp2:amd64 2.5.3-2ubuntu2
2026-03-22 14:12:21 status unpacked libseccomp2:amd64 2.5.3-2ubuntu2
2026-03-22 14:12:21 startup packages configure
2026-03-22 14:12:21 configure libseccomp2:amd64 2.5.3-2ubuntu2 <none>
2026-03-22 14:12:21 status unpacked libseccomp2:amd64 2.5.3-2ubuntu2
2026-03-22 14:12:21 status half-configured libseccomp2:amd64 2.5.3-2ubuntu2
2026-03-22 14:12:21 status installed libseccomp2:amd64 2.5.3-2ubuntu2
2026-03-22 14:12:21 startup packages configure
2026-03-22 14:12:21 trigproc libc-bin:amd64 2.35-0ubuntu3 <none>
2026-03-22 14:12:21 status half-configured libc-bin:amd64 2.35-0ubuntu3
2026-03-22 14:12:21 status installed libc-bin:amd64 2.35-0ubuntu3
2026-03-22 14:12:25 startup archives unpack
2026-03-22 14:12:25 upgrade libselinux1:amd64 3.3-1build2 3.3-1build2
2026-03-22 14:12:25 status triggers-pending libc-bin:amd64 2.35-0ubuntu3
2026-03-22 14:12:25 status half-configured libselinux1:amd64 3.3-1build2
2026-03-22 14:12:25 status unpacked libselinux1:amd64 3.3-1build2
2026-03-22 14:12:25 status half-installed libselinux1:amd64 3.3-1build2
2026-03-22 14:12:25 status unpacked libselinux1:amd64 3.3-1build2
2026-03-22 14:12:25 startup packages configure
2026-03-22 14:12:25 configure libselinux1:amd64 3.3-1build2 <none>
2026-03-22 14:12:25 status unpacked libselinux1:amd64 3.3-1build2
2026-03-22 14:12:25 status half-configured libselinux1:amd64 3.3-1build2
2026-03-22 14:12:25 status installed libselinux1:amd64 3.3-1build2
2026-03-22 14:12:25 startup packages configure
2026-03-22 14:12:25 trigproc libc-bin:amd64 2.35-0ubuntu3 <none>
2026-03-22 14:12:25 status half-configured libc-bin:amd64 2.35-0ubuntu3
2026-03-22 14:12:25 status installed libc-bin:amd64 2.35-0ubuntu3
2026-03-22 14:12:28 startup archives unpack
2026-03-22 14:12:29 upgrade libsemanage-common:all 3.3-1build2 3.3-1build2
2026-03-22 14:12:29 status half-configured libsemanage-common:all 3.3-1build2
2026-03-22 14:12:29 status unpacked libsemanage-common:all 3.3-1build2
2026-03-22 14:12:29 status half-installed libsemanage-common:all 3.3-1build2
2026-03-22 14:12:29 status unpacked libsemanage-common:all 3.3-1build2
2026-03-22 14:12:29 startup packages configure
2026-03-22 14:12:29 configure libsemanage-common:all 3.3-1build2 <none>
2026-03-22 14:12:29 status unpacked libsemanage-common:all 3.3-1build2
2026-03-22 14:12:29 status half-configured libsemanage-common:all 3.3-1build2
2026-03-22 14:12:29 status installed libsemanage-common:all 3.3-1build2
2026-03-22 14:12:29 startup packages configure
2026-03-22 14:12:33 startup archives unpack
2026-03-22 14:12:33 upgrade libsemanage2:amd64 3.3-1build2 3.3-1build2
2026-03-22 14:12:33 status triggers-pending libc-bin:amd64 2.35-0ubuntu3
2026-03-22 14:12:33 status half-configured libsemanage2:amd64 3.3-1build2
2026-03-22 14:12:33 status unpacked libsemanage2:amd64 3.3-1build2
2026-03-22 14:12:33 status half-installed libsemanage2:amd64 3.3-1build2
2026-03-22 14:12:33 status unpacked libsemanage2:amd64 3.3-1build2
2026-03-22 14:12:33 startup packages configure
2026-03-22 14:12:33 configure libsemanage2:amd64 3.3-1build2 <none>
2026-03-22 14:12:33 status unpacked libsemanage2:amd64 3.3-1build2
2026-03-22 14:12:33 status half-configured libsemanage2:amd64 3.3-1build2
2026-03-22 14:12:33 status installed libsemanage2:amd64 3.3-1build2
2026-03-22 14:12:33 startup packages configure
2026-03-22 14:12:33 trigproc libc-bin:amd64 2.35-0ubuntu3 <none>
2026-03-22 14:12:33 status half-configured libc-bin:amd64 2.35-0ubuntu3
2026-03-22 14:12:33 status installed libc-bin:amd64 2.35-0ubuntu3
2026-03-22 14:12:37 startup archives unpack
2026-03-22 14:12:37 upgrade libsepol2:amd64 3.3-1build1 3.3-1build1
2026-03-22 14:12:37 status triggers-pending libc-bin:amd64 2.35-0ubuntu3
2026-03-22 14:12:37 status half-configured libsepol2:amd64 3.3-1build1
2026-03-22 14:12:37 status unpacked libsepol2:amd64 3.3-1build1
2026-03-22 14:12:37 status half-installed libsepol2:amd64 3.3-1build1
2026-03-22 14:12:37 status unpacked libsepol2:amd64 3.3-1build1
2026-03-22 14:12:37 startup packages configure
2026-03-22 14:12:37 configure libsepol2:amd64 3.3-1build1 <none>
2026-03-22 14:12:37 status unpacked libsepol2:amd64 3.3-1build1
2026-03-22 14:12:37 status half-configured libsepol2:amd64 3.3-1build1
2026-03-22 14:12:37 status installed libsepol2:amd64 3.3-1build1
2026-03-22 14:12:37 startup packages configure
2026-03-22 14:12:37 trigproc libc-bin:amd64 2.35-0ubuntu3 <none>
2026-03-22 14:12:37 status half-configured libc-bin:amd64 2.35-0ubuntu3
2026-03-22 14:12:37 status installed libc-bin:amd64 2.35-0ubuntu3
2026-03-22 14:12:41 startup archives unpack
2026-03-22 14:12:41 upgrade libsmartcols1:amd64 2.37.2-4ubuntu3 2.37.2-4ubuntu3
2026-03-22 14:12:41 status triggers-pending libc-bin:amd64 2.35-0ubuntu3
2026-03-22 14:12:41 status half-configured libsmartcols1:amd64 2.37.2-4ubuntu3
2026-03-22 14:12:41 status unpacked libsmartcols1:amd64 2.37.2-4ubuntu3
2026-03-22 14:12:41 status half-installed libsmartcols1:amd64 2.37.2-4ubuntu3
2026-03-22 14:12:41 status unpacked libsmartcols1:amd64 2.37.2-4ubuntu3
2026-03-22 14:12:41 startup packages configure
2026-03-22 14:12:41 configure libsmartcols1:amd64 2.37.2-4ubuntu3 <none>
2026-03-22 14:12:41 status unpacked libsmartcols1:amd64 2.37.2-4ubuntu3
2026-03-22 14:12:41 status half-configured libsmartcols1:amd64 2.37.2-4ubuntu3
2026-03-22 14:12:41 status installed libsmartcols1:amd64 2.37.2-4ubuntu3
2026-03-22 14:12:41 startup packages configure
2026-03-22 14:12:41 trigproc libc-bin:amd64 2.35-0ubuntu3 <none>
2026-03-22 14:12:41 status half-configured libc-bin:amd64 2.35-0ubuntu3
2026-03-22 14:12:41 status installed libc-bin:amd64 2.35-0ubuntu3
2026-03-22 14:12:45 startup archives unpack
2026-03-22 14:12:45 upgrade libss2:amd64 1.46.5-2ubuntu1 1.46.5-2ubuntu1
2026-03-22 14:12:45 status triggers-pending libc-bin:amd64 2.35-0ubuntu3
2026-03-22 14:12:45 status half-configured libss2:amd64 1.46.5-2ubuntu1
2026-03-22 14:12:45 status unpacked libss2:amd64 1.46.5-2ubuntu1
2026-03-22 14:12:45 status half-installed libss2:amd64 1.46.5-2ubuntu1
2026-03-22 14:12:45 status unpacked libss2:amd64 1.46.5-2ubuntu1
2026-03-22 14:12:45 startup packages configure
2026-03-22 14:12:45 configure libss2:amd64 1.46.5-2ubuntu1 <none>
2026-03-22 14:12:45 status unpacked libss2:amd64 1.46.5-2ubuntu1
2026-03-22 14:12:45 status half-configured libss2:amd64 1.46.5-2ubuntu1
2026-03-22 14:12:45 status installed libss2:amd64 1.46.5-2ubuntu1
2026-03-22 14:12:45 trigproc libc-bin:amd64 2.35-0ubuntu3 <none>
2026-03-22 14:12:45 status half-configured libc-bin:amd64 2.35-0ubuntu3
2026-03-22 14:12:45 status installed libc-bin:amd64 2.35-0ubuntu3
2026-03-22 14:12:50 startup archives unpack
2026-03-22 14:12:50 upgrade libssl3:amd64 3.0.2-0ubuntu1 3.0.2-0ubuntu1
2026-03-22 14:12:50 status triggers-pending libc-bin:amd64 2.35-0ubuntu3
2026-03-22 14:12:50 status half-configured libssl3:amd64 3.0.2-0ubuntu1
2026-03-22 14:12:50 status unpacked libssl3:amd64 3.0.2-0ubuntu1
2026-03-22 14:12:50 status half-installed libssl3:amd64 3.0.2-0ubuntu1
2026-03-22 14:12:50 status unpacked libssl3:amd64 3.0.2-0ubuntu1
2026-03-22 14:12:50 startup packages configure
2026-03-22 14:12:50 configure libssl3:amd64 3.0.2-0ubuntu1 <none>
2026-03-22 14:12:50 status unpacked libssl3:amd64 3.0.2-0ubuntu1
2026-03-22 14:12:50 status half-configured libssl3:amd64 3.0.2-0ubuntu1
2026-03-22 14:12:50 status installed libssl3:amd64 3.0.2-0ubuntu1
2026-03-22 14:12:51 startup packages configure
2026-03-22 14:12:51 trigproc libc-bin:amd64 2.35-0ubuntu3 <none>
2026-03-22 14:12:51 status half-configured libc-bin:amd64 2.35-0ubuntu3
2026-03-22 14:12:51 status installed libc-bin:amd64 2.35-0ubuntu3
2026-03-22 14:12:55 startup archives unpack
2026-03-22 14:12:55 upgrade libstdc++6:amd64 12-20220319-1ubuntu1 12-20220319-1ubuntu1
2026-03-22 14:12:55 status triggers-pending libc-bin:amd64 2.35-0ubuntu3
2026-03-22 14:12:55 status half-configured libstdc++6:amd64 12-20220319-1ubuntu1
2026-03-22 14:12:55 status unpacked libstdc++6:amd64 12-20220319-1ubuntu1
2026-03-22 14:12:55 status half-installed libstdc++6:amd64 12-20220319-1ubuntu1
2026-03-22 14:12:55 status unpacked libstdc++6:amd64 12-20220319-1ubuntu1
2026-03-22 14:12:55 startup packages configure
2026-03-22 14:12:55 configure libstdc++6:amd64 12-20220319-1ubuntu1 <none>
2026-03-22 14:12:55 status unpacked libstdc++6:amd64 12-20220319-1ubuntu1
2026-03-22 14:12:55 status half-configured libstdc++6:amd64 12-20220319-1ubuntu1
2026-03-22 14:12:55 status installed libstdc++6:amd64 12-20220319-1ubuntu1
2026-03-22 14:12:56 startup packages configure
2026-03-22 14:12:56 trigproc libc-bin:amd64 2.35-0ubuntu3 <none>
2026-03-22 14:12:56 status half-configured libc-bin:amd64 2.35-0ubuntu3
2026-03-22 14:12:56 status installed libc-bin:amd64 2.35-0ubuntu3
2026-03-22 14:12:59 startup archives unpack
2026-03-22 14:12:59 upgrade libsystemd0:amd64 249.11-0ubuntu3 249.11-0ubuntu3
2026-03-22 14:12:59 status triggers-pending libc-bin:amd64 2.35-0ubuntu3
2026-03-22 14:12:59 status half-configured libsystemd0:amd64 249.11-0ubuntu3
2026-03-22 14:12:59 status unpacked libsystemd0:amd64 249.11-0ubuntu3
2026-03-22 14:12:59 status half-installed libsystemd0:amd64 249.11-0ubuntu3
2026-03-22 14:12:59 status unpacked libsystemd0:amd64 249.11-0ubuntu3
2026-03-22 14:13:00 startup packages configure
2026-03-22 14:13:00 configure libsystemd0:amd64 249.11-0ubuntu3 <none>
2026-03-22 14:13:00 status unpacked libsystemd0:amd64 249.11-0ubuntu3
2026-03-22 14:13:00 status half-configured libsystemd0:amd64 249.11-0ubuntu3
2026-03-22 14:13:00 status installed libsystemd0:amd64 249.11-0ubuntu3
2026-03-22 14:13:00 startup packages configure
2026-03-22 14:13:00 trigproc libc-bin:amd64 2.35-0ubuntu3 <none>
2026-03-22 14:13:00 status half-configured libc-bin:amd64 2.35-0ubuntu3
2026-03-22 14:13:00 status installed libc-bin:amd64 2.35-0ubuntu3
2026-03-22 14:13:03 startup archives unpack
2026-03-22 14:13:03 upgrade libtasn1-6:amd64 4.18.0-4build1 4.18.0-4build1
2026-03-22 14:13:03 status triggers-pending libc-bin:amd64 2.35-0ubuntu3
2026-03-22 14:13:03 status half-configured libtasn1-6:amd64 4.18.0-4build1
2026-03-22 14:13:03 status unpacked libtasn1-6:amd64 4.18.0-4build1
2026-03-22 14:13:03 status half-installed libtasn1-6:amd64 4.18.0-4build1
2026-03-22 14:13:03 status unpacked libtasn1-6:amd64 4.18.0-4build1
2026-03-22 14:13:04 startup packages configure
2026-03-22 14:13:04 configure libtasn1-6:amd64 4.18.0-4build1 <none>
2026-03-22 14:13:04 status unpacked libtasn1-6:amd64 4.18.0-4build1
2026-03-22 14:13:04 status half-configured libtasn1-6:amd64 4.18.0-4build1
2026-03-22 14:13:04 status installed libtasn1-6:amd64 4.18.0-4build1
2026-03-22 14:13:04 startup packages configure
2026-03-22 14:13:04 trigproc libc-bin:amd64 2.35-0ubuntu3 <none>
2026-03-22 14:13:04 status half-configured libc-bin:amd64 2.35-0ubuntu3
2026-03-22 14:13:04 status installed libc-bin:amd64 2.35-0ubuntu3
2026-03-22 14:13:07 startup archives unpack
2026-03-22 14:13:07 upgrade libtinfo6:amd64 6.3-2 6.3-2
2026-03-22 14:13:07 status triggers-pending libc-bin:amd64 2.35-0ubuntu3
2026-03-22 14:13:07 status half-configured libtinfo6:amd64 6.3-2
2026-03-22 14:13:07 status unpacked libtinfo6:amd64 6.3-2
2026-03-22 14:13:07 status half-installed libtinfo6:amd64 6.3-2
2026-03-22 14:13:07 status unpacked libtinfo6:amd64 6.3-2
2026-03-22 14:13:08 startup packages configure
2026-03-22 14:13:08 configure libtinfo6:amd64 6.3-2 <none>
2026-03-22 14:13:08 status unpacked libtinfo6:amd64 6.3-2
2026-03-22 14:13:08 status half-configured libtinfo6:amd64 6.3-2
2026-03-22 14:13:08 status installed libtinfo6:amd64 6.3-2
2026-03-22 14:13:08 startup packages configure
2026-03-22 14:13:08 trigproc libc-bin:amd64 2.35-0ubuntu3 <none>
2026-03-22 14:13:08 status half-configured libc-bin:amd64 2.35-0ubuntu3
2026-03-22 14:13:08 status installed libc-bin:amd64 2.35-0ubuntu3
2026-03-22 14:13:12 startup archives unpack
2026-03-22 14:13:12 upgrade libtirpc-common:all 1.3.2-2build1 1.3.2-2build1
2026-03-22 14:13:12 status half-configured libtirpc-common:all 1.3.2-2build1
2026-03-22 14:13:12 status unpacked libtirpc-common:all 1.3.2-2build1
2026-03-22 14:13:12 status half-installed libtirpc-common:all 1.3.2-2build1
2026-03-22 14:13:12 status unpacked libtirpc-common:all 1.3.2-2build1
2026-03-22 14:13:12 startup packages configure
2026-03-22 14:13:12 configure libtirpc-common:all 1.3.2-2build1 <none>
2026-03-22 14:13:12 status unpacked libtirpc-common:all 1.3.2-2build1
2026-03-22 14:13:12 status half-configured libtirpc-common:all 1.3.2-2build1
2026-03-22 14:13:12 status installed libtirpc-common:all 1.3.2-2build1
2026-03-22 14:13:12 startup packages configure
2026-03-22 14:13:16 startup archives unpack
2026-03-22 14:13:16 upgrade libtirpc3:amd64 1.3.2-2build1 1.3.2-2build1
2026-03-22 14:13:16 status triggers-pending libc-bin:amd64 2.35-0ubuntu3
2026-03-22 14:13:16 status half-configured libtirpc3:amd64 1.3.2-2build1
2026-03-22 14:13:16 status unpacked libtirpc3:amd64 1.3.2-2build1
2026-03-22 14:13:16 status half-installed libtirpc3:amd64 1.3.2-2build1
2026-03-22 14:13:16 status unpacked libtirpc3:amd64 1.3.2-2build1
2026-03-22 14:13:16 startup packages configure
2026-03-22 14:13:16 configure libtirpc3:amd64 1.3.2-2build1 <none>
2026-03-22 14:13:16 status unpacked libtirpc3:amd64 1.3.2-2build1
2026-03-22 14:13:16 status half-configured libtirpc3:amd64 1.3.2-2build1
2026-03-22 14:13:16 status installed libtirpc3:amd64 1.3.2-2build1
2026-03-22 14:13:16 startup packages configure
2026-03-22 14:13:16 trigproc libc-bin:amd64 2.35-0ubuntu3 <none>
2026-03-22 14:13:16 status half-configured libc-bin:amd64 2.35-0ubuntu3
2026-03-22 14:13:16 status installed libc-bin:amd64 2.35-0ubuntu3
2026-03-22 14:13:20 startup archives unpack
2026-03-22 14:13:20 upgrade libudev1:amd64 249.11-0ubuntu3 249.11-0ubuntu3
2026-03-22 14:13:20 status triggers-pending libc-bin:amd64 2.35-0ubuntu3
2026-03-22 14:13:20 status half-configured libudev1:amd64 249.11-0ubuntu3
2026-03-22 14:13:20 status unpacked libudev1:amd64 249.11-0ubuntu3
2026-03-22 14:13:20 status half-installed libudev1:amd64 249.11-0ubuntu3
2026-03-22 14:13:20 status unpacked libudev1:amd64 249.11-0ubuntu3
2026-03-22 14:13:20 startup packages configure
2026-03-22 14:13:20 configure libudev1:amd64 249.11-0ubuntu3 <none>
2026-03-22 14:13:20 status unpacked libudev1:amd64 249.11-0ubuntu3
2026-03-22 14:13:20 status half-configured libudev1:amd64 249.11-0ubuntu3
2026-03-22 14:13:20 status installed libudev1:amd64 249.11-0ubuntu3
2026-03-22 14:13:20 startup packages configure
2026-03-22 14:13:20 trigproc libc-bin:amd64 2.35-0ubuntu3 <none>
2026-03-22 14:13:20 status half-configured libc-bin:amd64 2.35-0ubuntu3
2026-03-22 14:13:20 status installed libc-bin:amd64 2.35-0ubuntu3
2026-03-22 14:13:25 startup archives unpack
2026-03-22 14:13:25 upgrade libunistring2:amd64 1.0-1 1.0-1
2026-03-22 14:13:25 status triggers-pending libc-bin:amd64 2.35-0ubuntu3
2026-03-22 14:13:25 status half-configured libunistring2:amd64 1.0-1
2026-03-22 14:13:25 status unpacked libunistring2:amd64 1.0-1
2026-03-22 14:13:25 status half-installed libunistring2:amd64 1.0-1
2026-03-22 14:13:25 status unpacked libunistring2:amd64 1.0-1
2026-03-22 14:13:25 startup packages configure
2026-03-22 14:13:25 configure libunistring2:amd64 1.0-1 <none>
2026-03-22 14:13:25 status unpacked libunistring2:amd64 1.0-1
2026-03-22 14:13:25 status half-configured libunistring2:amd64 1.0-1
2026-03-22 14:13:25 status installed libunistring2:amd64 1.0-1
2026-03-22 14:13:25 startup packages configure
2026-03-22 14:13:25 trigproc libc-bin:amd64 2.35-0ubuntu3 <none>
2026-03-22 14:13:25 status half-configured libc-bin:amd64 2.35-0ubuntu3
2026-03-22 14:13:25 status installed libc-bin:amd64 2.35-0ubuntu3
2026-03-22 14:13:29 startup archives unpack
2026-03-22 14:13:29 upgrade libuuid1:amd64 2.37.2-4ubuntu3 2.37.2-4ubuntu3
2026-03-22 14:13:29 status triggers-pending libc-bin:amd64 2.35-0ubuntu3
2026-03-22 14:13:29 status half-configured libuuid1:amd64 2.37.2-4ubuntu3
2026-03-22 14:13:29 status unpacked libuuid1:amd64 2.37.2-4ubuntu3
2026-03-22 14:13:29 status half-installed libuuid1:amd64 2.37.2-4ubuntu3
2026-03-22 14:13:29 status unpacked libuuid1:amd64 2.37.2-4ubuntu3
2026-03-22 14:13:29 startup packages configure
2026-03-22 14:13:29 configure libuuid1:amd64 2.37.2-4ubuntu3 <none>
2026-03-22 14:13:29 status unpacked libuuid1:amd64 2.37.2-4ubuntu3
2026-03-22 14:13:29 status half-configured libuuid1:amd64 2.37.2-4ubuntu3
2026-03-22 14:13:29 status installed libuuid1:amd64 2.37.2-4ubuntu3
2026-03-22 14:13:29 startup packages configure
2026-03-22 14:13:29 trigproc libc-bin:amd64 2.35-0ubuntu3 <none>
2026-03-22 14:13:29 status half-configured libc-bin:amd64 2.35-0ubuntu3
2026-03-22 14:13:29 status installed libc-bin:amd64 2.35-0ubuntu3
2026-03-22 14:13:33 startup archives unpack
2026-03-22 14:13:33 upgrade libxxhash0:amd64 0.8.1-1 0.8.1-1
2026-03-22 14:13:33 status triggers-pending libc-bin:amd64 2.35-0ubuntu3
2026-03-22 14:13:33 status half-configured libxxhash0:amd64 0.8.1-1
2026-03-22 14:13:33 status unpacked libxxhash0:amd64 0.8.1-1
2026-03-22 14:13:33 status half-installed libxxhash0:amd64 0.8.1-1
2026-03-22 14:13:33 status unpacked libxxhash0:amd64 0.8.1-1
2026-03-22 14:13:33 startup packages configure
2026-03-22 14:13:33 configure libxxhash0:amd64 0.8.1-1 <none>
2026-03-22 14:13:33 status unpacked libxxhash0:amd64 0.8.1-1
2026-03-22 14:13:33 status half-configured libxxhash0:amd64 0.8.1-1
2026-03-22 14:13:33 status installed libxxhash0:amd64 0.8.1-1
2026-03-22 14:13:33 startup packages configure
2026-03-22 14:13:33 trigproc libc-bin:amd64 2.35-0ubuntu3 <none>
2026-03-22 14:13:33 status half-configured libc-bin:amd64 2.35-0ubuntu3
2026-03-22 14:13:33 status installed libc-bin:amd64 2.35-0ubuntu3
2026-03-22 14:13:37 startup archives unpack
2026-03-22 14:13:37 upgrade libzstd1:amd64 1.4.8+dfsg-3build1 1.4.8+dfsg-3build1
2026-03-22 14:13:37 status triggers-pending libc-bin:amd64 2.35-0ubuntu3
2026-03-22 14:13:37 status half-configured libzstd1:amd64 1.4.8+dfsg-3build1
2026-03-22 14:13:37 status unpacked libzstd1:amd64 1.4.8+dfsg-3build1
2026-03-22 14:13:37 status half-installed libzstd1:amd64 1.4.8+dfsg-3build1
2026-03-22 14:13:37 status unpacked libzstd1:amd64 1.4.8+dfsg-3build1
2026-03-22 14:13:37 startup packages configure
2026-03-22 14:13:37 configure libzstd1:amd64 1.4.8+dfsg-3build1 <none>
2026-03-22 14:13:37 status unpacked libzstd1:amd64 1.4.8+dfsg-3build1
2026-03-22 14:13:37 status half-configured libzstd1:amd64 1.4.8+dfsg-3build1
2026-03-22 14:13:37 status installed libzstd1:amd64 1.4.8+dfsg-3build1
2026-03-22 14:13:37 startup packages configure
2026-03-22 14:13:37 trigproc libc-bin:amd64 2.35-0ubuntu3 <none>
2026-03-22 14:13:37 status half-configured libc-bin:amd64 2.35-0ubuntu3
2026-03-22 14:13:38 status installed libc-bin:amd64 2.35-0ubuntu3
2026-03-22 14:13:41 startup archives unpack
2026-03-22 14:13:41 upgrade login:amd64 1:4.8.1-2ubuntu2 1:4.8.1-2ubuntu2
2026-03-22 14:13:41 status half-configured login:amd64 1:4.8.1-2ubuntu2
2026-03-22 14:13:41 status unpacked login:amd64 1:4.8.1-2ubuntu2
2026-03-22 14:13:41 status half-installed login:amd64 1:4.8.1-2ubuntu2
2026-03-22 14:13:41 status unpacked login:amd64 1:4.8.1-2ubuntu2
2026-03-22 14:13:42 startup packages configure
2026-03-22 14:13:42 configure login:amd64 1:4.8.1-2ubuntu2 <none>
2026-03-22 14:13:42 status unpacked login:amd64 1:4.8.1-2ubuntu2
2026-03-22 14:13:42 status half-configured login:amd64 1:4.8.1-2ubuntu2
2026-03-22 14:13:42 status installed login:amd64 1:4.8.1-2ubuntu2
2026-03-22 14:13:42 startup packages configure
2026-03-22 14:13:45 startup archives unpack
2026-03-22 14:13:45 upgrade logsave:amd64 1.46.5-2ubuntu1 1.46.5-2ubuntu1
2026-03-22 14:13:45 status half-configured logsave:amd64 1.46.5-2ubuntu1
2026-03-22 14:13:45 status unpacked logsave:amd64 1.46.5-2ubuntu1
2026-03-22 14:13:45 status half-installed logsave:amd64 1.46.5-2ubuntu1
2026-03-22 14:13:45 status unpacked logsave:amd64 1.46.5-2ubuntu1
2026-03-22 14:13:46 startup packages configure
2026-03-22 14:13:46 configure logsave:amd64 1.46.5-2ubuntu1 <none>
2026-03-22 14:13:46 status unpacked logsave:amd64 1.46.5-2ubuntu1
2026-03-22 14:13:46 status half-configured logsave:amd64 1.46.5-2ubuntu1
2026-03-22 14:13:46 status installed logsave:amd64 1.46.5-2ubuntu1
2026-03-22 14:13:49 startup archives unpack
2026-03-22 14:13:49 upgrade lsb-base:all 11.1.0ubuntu4 11.1.0ubuntu4
2026-03-22 14:13:49 status half-configured lsb-base:all 11.1.0ubuntu4
2026-03-22 14:13:49 status unpacked lsb-base:all 11.1.0ubuntu4
2026-03-22 14:13:49 status half-installed lsb-base:all 11.1.0ubuntu4
2026-03-22 14:13:49 status unpacked lsb-base:all 11.1.0ubuntu4
2026-03-22 14:13:49 startup packages configure
2026-03-22 14:13:49 configure lsb-base:all 11.1.0ubuntu4 <none>
2026-03-22 14:13:49 status unpacked lsb-base:all 11.1.0ubuntu4
2026-03-22 14:13:49 status half-configured lsb-base:all 11.1.0ubuntu4
2026-03-22 14:13:49 status installed lsb-base:all 11.1.0ubuntu4
2026-03-22 14:13:50 startup packages configure
2026-03-22 14:13:53 startup archives unpack
2026-03-22 14:13:53 upgrade mawk:amd64 1.3.4.20200120-3 1.3.4.20200120-3
2026-03-22 14:13:53 status half-configured mawk:amd64 1.3.4.20200120-3
2026-03-22 14:13:53 status unpacked mawk:amd64 1.3.4.20200120-3
2026-03-22 14:13:53 status half-installed mawk:amd64 1.3.4.20200120-3
2026-03-22 14:13:53 status unpacked mawk:amd64 1.3.4.20200120-3
2026-03-22 14:13:53 startup packages configure
2026-03-22 14:13:53 configure mawk:amd64 1.3.4.20200120-3 <none>
2026-03-22 14:13:53 status unpacked mawk:amd64 1.3.4.20200120-3
2026-03-22 14:13:53 status half-configured mawk:amd64 1.3.4.20200120-3
2026-03-22 14:13:53 status installed mawk:amd64 1.3.4.20200120-3
2026-03-22 14:13:57 startup archives unpack
2026-03-22 14:13:57 upgrade mount:amd64 2.37.2-4ubuntu3 2.37.2-4ubuntu3
2026-03-22 14:13:57 status half-configured mount:amd64 2.37.2-4ubuntu3
2026-03-22 14:13:57 status unpacked mount:amd64 2.37.2-4ubuntu3
2026-03-22 14:13:57 status half-installed mount:amd64 2.37.2-4ubuntu3
2026-03-22 14:13:57 status unpacked mount:amd64 2.37.2-4ubuntu3
2026-03-22 14:13:57 startup packages configure
2026-03-22 14:13:57 configure mount:amd64 2.37.2-4ubuntu3 <none>
2026-03-22 14:13:57 status unpacked mount:amd64 2.37.2-4ubuntu3
2026-03-22 14:13:57 status half-configured mount:amd64 2.37.2-4ubuntu3
2026-03-22 14:13:57 status installed mount:amd64 2.37.2-4ubuntu3
2026-03-22 14:14:01 startup archives unpack
2026-03-22 14:14:01 upgrade ncurses-base:all 6.3-2 6.3-2
2026-03-22 14:14:01 status half-configured ncurses-base:all 6.3-2
2026-03-22 14:14:01 status unpacked ncurses-base:all 6.3-2
2026-03-22 14:14:01 status half-installed ncurses-base:all 6.3-2
2026-03-22 14:14:01 status unpacked ncurses-base:all 6.3-2
2026-03-22 14:14:01 startup packages configure
2026-03-22 14:14:01 configure ncurses-base:all 6.3-2 <none>
2026-03-22 14:14:01 status unpacked ncurses-base:all 6.3-2
2026-03-22 14:14:01 status half-configured ncurses-base:all 6.3-2
2026-03-22 14:14:01 status installed ncurses-base:all 6.3-2
2026-03-22 14:14:01 startup packages configure
2026-03-22 14:14:05 startup archives unpack
2026-03-22 14:14:05 upgrade ncurses-bin:amd64 6.3-2 6.3-2
2026-03-22 14:14:05 status half-configured ncurses-bin:amd64 6.3-2
2026-03-22 14:14:05 status unpacked ncurses-bin:amd64 6.3-2
2026-03-22 14:14:05 status half-installed ncurses-bin:amd64 6.3-2
2026-03-22 14:14:05 status unpacked ncurses-bin:amd64 6.3-2
2026-03-22 14:14:05 startup packages configure
2026-03-22 14:14:05 configure ncurses-bin:amd64 6.3-2 <none>
2026-03-22 14:14:05 status unpacked ncurses-bin:amd64 6.3-2
2026-03-22 14:14:05 status half-configured ncurses-bin:amd64 6.3-2
2026-03-22 14:14:05 status installed ncurses-bin:amd64 6.3-2
2026-03-22 14:14:06 startup packages configure
2026-03-22 14:14:10 startup archives unpack
2026-03-22 14:14:10 upgrade passwd:amd64 1:4.8.1-2ubuntu2 1:4.8.1-2ubuntu2
2026-03-22 14:14:10 status half-configured passwd:amd64 1:4.8.1-2ubuntu2
2026-03-22 14:14:10 status unpacked passwd:amd64 1:4.8.1-2ubuntu2
2026-03-22 14:14:10 status half-installed passwd:amd64 1:4.8.1-2ubuntu2
2026-03-22 14:14:10 status unpacked passwd:amd64 1:4.8.1-2ubuntu2
2026-03-22 14:14:10 startup packages configure
2026-03-22 14:14:10 configure passwd:amd64 1:4.8.1-2ubuntu2 <none>
2026-03-22 14:14:10 status unpacked passwd:amd64 1:4.8.1-2ubuntu2
2026-03-22 14:14:10 status half-configured passwd:amd64 1:4.8.1-2ubuntu2
2026-03-22 14:14:10 status installed passwd:amd64 1:4.8.1-2ubuntu2
2026-03-22 14:14:11 startup packages configure
2026-03-22 14:14:16 startup archives unpack
2026-03-22 14:14:16 upgrade perl-base:amd64 5.34.0-3ubuntu1 5.34.0-3ubuntu1
2026-03-22 14:14:16 status half-configured perl-base:amd64 5.34.0-3ubuntu1
2026-03-22 14:14:16 status unpacked perl-base:amd64 5.34.0-3ubuntu1
2026-03-22 14:14:16 status half-installed perl-base:amd64 5.34.0-3ubuntu1
2026-03-22 14:14:17 status unpacked perl-base:amd64 5.34.0-3ubuntu1
2026-03-22 14:14:17 startup packages configure
2026-03-22 14:14:17 configure perl-base:amd64 5.34.0-3ubuntu1 <none>
2026-03-22 14:14:17 status unpacked perl-base:amd64 5.34.0-3ubuntu1
2026-03-22 14:14:17 status half-configured perl-base:amd64 5.34.0-3ubuntu1
2026-03-22 14:14:17 status installed perl-base:amd64 5.34.0-3ubuntu1
2026-03-22 14:14:17 startup packages configure
2026-03-22 14:14:21 startup archives unpack
2026-03-22 14:14:21 upgrade procps:amd64 2:3.3.17-6ubuntu2 2:3.3.17-6ubuntu2
2026-03-22 14:14:21 status half-configured procps:amd64 2:3.3.17-6ubuntu2
2026-03-22 14:14:21 status unpacked procps:amd64 2:3.3.17-6ubuntu2
2026-03-22 14:14:21 status half-installed procps:amd64 2:3.3.17-6ubuntu2
2026-03-22 14:14:21 status unpacked procps:amd64 2:3.3.17-6ubuntu2
2026-03-22 14:14:21 startup packages configure
2026-03-22 14:14:21 configure procps:amd64 2:3.3.17-6ubuntu2 <none>
2026-03-22 14:14:21 status unpacked procps:amd64 2:3.3.17-6ubuntu2
2026-03-22 14:14:22 status half-configured procps:amd64 2:3.3.17-6ubuntu2
2026-03-22 14:14:22 status installed procps:amd64 2:3.3.17-6ubuntu2
2026-03-22 14:14:25 startup archives unpack
2026-03-22 14:14:25 upgrade sed:amd64 4.8-1ubuntu2 4.8-1ubuntu2
2026-03-22 14:14:25 status half-configured sed:amd64 4.8-1ubuntu2
2026-03-22 14:14:25 status unpacked sed:amd64 4.8-1ubuntu2
2026-03-22 14:14:25 status half-installed sed:amd64 4.8-1ubuntu2
2026-03-22 14:14:25 status unpacked sed:amd64 4.8-1ubuntu2
2026-03-22 14:14:25 startup packages configure
2026-03-22 14:14:25 configure sed:amd64 4.8-1ubuntu2 <none>
2026-03-22 14:14:25 status unpacked sed:amd64 4.8-1ubuntu2
2026-03-22 14:14:25 status half-configured sed:amd64 4.8-1ubuntu2
2026-03-22 14:14:25 status installed sed:amd64 4.8-1ubuntu2
2026-03-22 14:14:26 startup packages configure
2026-03-22 14:14:29 startup archives unpack
2026-03-22 14:14:29 upgrade sensible-utils:all 0.0.17 0.0.17
2026-03-22 14:14:29 status half-configured sensible-utils:all 0.0.17
2026-03-22 14:14:29 status unpacked sensible-utils:all 0.0.17
2026-03-22 14:14:29 status half-installed sensible-utils:all 0.0.17
2026-03-22 14:14:29 status unpacked sensible-utils:all 0.0.17
2026-03-22 14:14:29 startup packages configure
2026-03-22 14:14:29 configure sensible-utils:all 0.0.17 <none>
2026-03-22 14:14:29 status unpacked sensible-utils:all 0.0.17
2026-03-22 14:14:29 status half-configured sensible-utils:all 0.0.17
2026-03-22 14:14:29 status installed sensible-utils:all 0.0.17
2026-03-22 14:14:32 startup archives unpack
2026-03-22 14:14:32 upgrade sysvinit-utils:amd64 3.01-1ubuntu1 3.01-1ubuntu1
2026-03-22 14:14:32 status half-configured sysvinit-utils:amd64 3.01-1ubuntu1
2026-03-22 14:14:32 status unpacked sysvinit-utils:amd64 3.01-1ubuntu1
2026-03-22 14:14:32 status half-installed sysvinit-utils:amd64 3.01-1ubuntu1
2026-03-22 14:14:32 status unpacked sysvinit-utils:amd64 3.01-1ubuntu1
2026-03-22 14:14:33 startup packages configure
2026-03-22 14:14:33 configure sysvinit-utils:amd64 3.01-1ubuntu1 <none>
2026-03-22 14:14:33 status unpacked sysvinit-utils:amd64 3.01-1ubuntu1
2026-03-22 14:14:33 status half-configured sysvinit-utils:amd64 3.01-1ubuntu1
2026-03-22 14:14:33 status installed sysvinit-utils:amd64 3.01-1ubuntu1
2026-03-22 14:14:33 startup packages configure
2026-03-22 14:14:37 startup archives unpack
2026-03-22 14:14:37 upgrade tar:amd64 1.34+dfsg-1build3 1.34+dfsg-1build3
2026-03-22 14:14:37 status half-configured tar:amd64 1.34+dfsg-1build3
2026-03-22 14:14:37 status unpacked tar:amd64 1.34+dfsg-1build3
2026-03-22 14:14:37 status half-installed tar:amd64 1.34+dfsg-1build3
2026-03-22 14:14:37 status unpacked tar:amd64 1.34+dfsg-1build3
2026-03-22 14:14:37 startup packages configure
2026-03-22 14:14:37 configure tar:amd64 1.34+dfsg-1build3 <none>
2026-03-22 14:14:37 status unpacked tar:amd64 1.34+dfsg-1build3
2026-03-22 14:14:37 status half-configured tar:amd64 1.34+dfsg-1build3
2026-03-22 14:14:37 status installed tar:amd64 1.34+dfsg-1build3
2026-03-22 14:14:37 startup packages configure
2026-03-22 14:14:41 startup archives unpack
2026-03-22 14:14:41 upgrade ubuntu-keyring:all 2021.03.26 2021.03.26
2026-03-22 14:14:41 status half-configured ubuntu-keyring:all 2021.03.26
2026-03-22 14:14:41 status unpacked ubuntu-keyring:all 2021.03.26
2026-03-22 14:14:41 status half-installed ubuntu-keyring:all 2021.03.26
2026-03-22 14:14:41 status unpacked ubuntu-keyring:all 2021.03.26
2026-03-22 14:14:41 startup packages configure
2026-03-22 14:14:41 configure ubuntu-keyring:all 2021.03.26 <none>
2026-03-22 14:14:41 status unpacked ubuntu-keyring:all 2021.03.26
2026-03-22 14:14:41 status half-configured ubuntu-keyring:all 2021.03.26
2026-03-22 14:14:41 status installed ubuntu-keyring:all 2021.03.26
2026-03-22 14:14:41 startup packages configure
2026-03-22 14:14:45 startup archives unpack
2026-03-22 14:14:45 upgrade usrmerge:all 25ubuntu2 25ubuntu2
2026-03-22 14:14:45 status half-configured usrmerge:all 25ubuntu2
2026-03-22 14:14:45 status unpacked usrmerge:all 25ubuntu2
2026-03-22 14:14:45 status half-installed usrmerge:all 25ubuntu2
2026-03-22 14:14:45 status unpacked usrmerge:all 25ubuntu2
2026-03-22 14:14:45 startup packages configure
2026-03-22 14:14:45 configure usrmerge:all 25ubuntu2 <none>
2026-03-22 14:14:45 status unpacked usrmerge:all 25ubuntu2
2026-03-22 14:14:45 status half-configured usrmerge:all 25ubuntu2
2026-03-22 14:14:45 status installed usrmerge:all 25ubuntu2
2026-03-22 14:14:51 startup archives unpack
2026-03-22 14:14:51 upgrade util-linux:amd64 2.37.2-4ubuntu3 2.37.2-4ubuntu3
2026-03-22 14:14:51 status half-configured util-linux:amd64 2.37.2-4ubuntu3
2026-03-22 14:14:51 status unpacked util-linux:amd64 2.37.2-4ubuntu3
2026-03-22 14:14:51 status half-installed util-linux:amd64 2.37.2-4ubuntu3
2026-03-22 14:14:51 status unpacked util-linux:amd64 2.37.2-4ubuntu3
2026-03-22 14:14:52 startup packages configure
2026-03-22 14:14:52 configure util-linux:amd64 2.37.2-4ubuntu3 <none>
2026-03-22 14:14:52 status unpacked util-linux:amd64 2.37.2-4ubuntu3
2026-03-22 14:14:52 status half-configured util-linux:amd64 2.37.2-4ubuntu3
2026-03-22 14:14:52 status installed util-linux:amd64 2.37.2-4ubuntu3
2026-03-22 14:14:52 startup packages configure
2026-03-22 14:14:55 startup archives unpack
2026-03-22 14:14:55 upgrade zlib1g:amd64 1:1.2.11.dfsg-2ubuntu9 1:1.2.11.dfsg-2ubuntu9
2026-03-22 14:14:55 status triggers-pending libc-bin:amd64 2.35-0ubuntu3
2026-03-22 14:14:55 status half-configured zlib1g:amd64 1:1.2.11.dfsg-2ubuntu9
2026-03-22 14:14:55 status unpacked zlib1g:amd64 1:1.2.11.dfsg-2ubuntu9
2026-03-22 14:14:56 status half-installed zlib1g:amd64 1:1.2.11.dfsg-2ubuntu9
2026-03-22 14:14:56 status unpacked zlib1g:amd64 1:1.2.11.dfsg-2ubuntu9
2026-03-22 14:14:56 startup packages configure
2026-03-22 14:14:56 configure zlib1g:amd64 1:1.2.11.dfsg-2ubuntu9 <none>
2026-03-22 14:14:56 status unpacked zlib1g:amd64 1:1.2.11.dfsg-2ubuntu9
2026-03-22 14:14:56 status half-configured zlib1g:amd64 1:1.2.11.dfsg-2ubuntu9
2026-03-22 14:14:56 status installed zlib1g:amd64 1:1.2.11.dfsg-2ubuntu9
2026-03-22 14:14:56 startup packages configure
2026-03-22 14:14:56 trigproc libc-bin:amd64 2.35-0ubuntu3 <none>
2026-03-22 14:14:56 status half-configured libc-bin:amd64 2.35-0ubuntu3
2026-03-22 14:14:56 status installed libc-bin:amd64 2.35-0ubuntu3
2026-03-22 14:15:22 startup archives unpack
2026-03-22 14:15:22 upgrade gcc-12-base:amd64 12-20220319-1ubuntu1 12.3.0-1ubuntu1~22.04.3
2026-03-22 14:15:22 status half-configured gcc-12-base:amd64 12-20220319-1ubuntu1
2026-03-22 14:15:22 status unpacked gcc-12-base:amd64 12-20220319-1ubuntu1
2026-03-22 14:15:22 status half-installed gcc-12-base:amd64 12-20220319-1ubuntu1
2026-03-22 14:15:22 status unpacked gcc-12-base:amd64 12.3.0-1ubuntu1~22.04.3
2026-03-22 14:15:22 startup packages configure
2026-03-22 14:15:22 configure gcc-12-base:amd64 12.3.0-1ubuntu1~22.04.3 <none>
2026-03-22 14:15:22 status unpacked gcc-12-base:amd64 12.3.0-1ubuntu1~22.04.3
2026-03-22 14:15:22 status half-configured gcc-12-base:amd64 12.3.0-1ubuntu1~22.04.3
2026-03-22 14:15:22 status installed gcc-12-base:amd64 12.3.0-1ubuntu1~22.04.3
2026-03-22 14:15:22 startup archives unpack
2026-03-22 14:15:22 upgrade libgcc-s1:amd64 12-20220319-1ubuntu1 12.3.0-1ubuntu1~22.04.3
2026-03-22 14:15:22 status triggers-pending libc-bin:amd64 2.35-0ubuntu3
2026-03-22 14:15:22 status half-configured libgcc-s1:amd64 12-20220319-1ubuntu1
2026-03-22 14:15:22 status unpacked libgcc-s1:amd64 12-20220319-1ubuntu1
2026-03-22 14:15:22 status half-installed libgcc-s1:amd64 12-20220319-1ubuntu1
2026-03-22 14:15:22 status unpacked libgcc-s1:amd64 12.3.0-1ubuntu1~22.04.3
2026-03-22 14:15:22 startup packages configure
2026-03-22 14:15:22 configure libgcc-s1:amd64 12.3.0-1ubuntu1~22.04.3 <none>
2026-03-22 14:15:22 status unpacked libgcc-s1:amd64 12.3.0-1ubuntu1~22.04.3
2026-03-22 14:15:22 status half-configured libgcc-s1:amd64 12.3.0-1ubuntu1~22.04.3
2026-03-22 14:15:22 status installed libgcc-s1:amd64 12.3.0-1ubuntu1~22.04.3
2026-03-22 14:15:22 startup archives unpack
2026-03-22 14:15:22 upgrade libstdc++6:amd64 12-20220319-1ubuntu1 12.3.0-1ubuntu1~22.04.3
2026-03-22 14:15:22 status half-configured libstdc++6:amd64 12-20220319-1ubuntu1
2026-03-22 14:15:22 status unpacked libstdc++6:amd64 12-20220319-1ubuntu1
2026-03-22 14:15:22 status half-installed libstdc++6:amd64 12-20220319-1ubuntu1
2026-03-22 14:15:22 status unpacked libstdc++6:amd64 12.3.0-1ubuntu1~22.04.3
2026-03-22 14:15:22 startup packages configure
2026-03-22 14:15:22 configure libstdc++6:amd64 12.3.0-1ubuntu1~22.04.3 <none>
2026-03-22 14:15:22 status unpacked libstdc++6:amd64 12.3.0-1ubuntu1~22.04.3
2026-03-22 14:15:22 status half-configured libstdc++6:amd64 12.3.0-1ubuntu1~22.04.3
2026-03-22 14:15:22 status installed libstdc++6:amd64 12.3.0-1ubuntu1~22.04.3
2026-03-22 14:15:22 startup archives unpack
2026-03-22 14:15:22 upgrade libc6:amd64 2.35-0ubuntu3 2.35-0ubuntu3.13
2026-03-22 14:15:22 status half-configured libc6:amd64 2.35-0ubuntu3
2026-03-22 14:15:22 status unpacked libc6:amd64 2.35-0ubuntu3
2026-03-22 14:15:22 status half-installed libc6:amd64 2.35-0ubuntu3
2026-03-22 14:15:23 status unpacked libc6:amd64 2.35-0ubuntu3.13
2026-03-22 14:15:23 startup packages configure
2026-03-22 14:15:23 configure libc6:amd64 2.35-0ubuntu3.13 <none>
2026-03-22 14:15:23 status unpacked libc6:amd64 2.35-0ubuntu3.13
2026-03-22 14:15:23 status half-configured libc6:amd64 2.35-0ubuntu3.13
2026-03-22 14:15:23 status installed libc6:amd64 2.35-0ubuntu3.13
2026-03-22 14:15:23 startup archives unpack
2026-03-22 14:15:23 upgrade base-files:amd64 12ubuntu4 12ubuntu4.7
2026-03-22 14:15:23 status half-configured base-files:amd64 12ubuntu4
2026-03-22 14:15:23 status unpacked base-files:amd64 12ubuntu4
2026-03-22 14:15:23 status half-installed base-files:amd64 12ubuntu4
2026-03-22 14:15:23 status unpacked base-files:amd64 12ubuntu4.7
2026-03-22 14:15:23 startup packages configure
2026-03-22 14:15:23 configure base-files:amd64 12ubuntu4.7 <none>
2026-03-22 14:15:23 status unpacked base-files:amd64 12ubuntu4.7
2026-03-22 14:15:23 status half-configured base-files:amd64 12ubuntu4.7
2026-03-22 14:15:23 status installed base-files:amd64 12ubuntu4.7
2026-03-22 14:15:23 startup archives unpack
2026-03-22 14:15:23 upgrade bash:amd64 5.1-6ubuntu1 5.1-6ubuntu1.1
2026-03-22 14:15:23 status half-configured bash:amd64 5.1-6ubuntu1
2026-03-22 14:15:23 status unpacked bash:amd64 5.1-6ubuntu1
2026-03-22 14:15:23 status half-installed bash:amd64 5.1-6ubuntu1
2026-03-22 14:15:23 status unpacked bash:amd64 5.1-6ubuntu1.1
2026-03-22 14:15:23 startup packages configure
2026-03-22 14:15:23 configure bash:amd64 5.1-6ubuntu1.1 <none>
2026-03-22 14:15:23 status unpacked bash:amd64 5.1-6ubuntu1.1
2026-03-22 14:15:23 status half-configured bash:amd64 5.1-6ubuntu1.1
2026-03-22 14:15:23 status installed bash:amd64 5.1-6ubuntu1.1
2026-03-22 14:15:23 startup archives unpack
2026-03-22 14:15:23 upgrade bsdutils:amd64 1:2.37.2-4ubuntu3 1:2.37.2-4ubuntu3.5
2026-03-22 14:15:23 status half-configured bsdutils:amd64 1:2.37.2-4ubuntu3
2026-03-22 14:15:23 status unpacked bsdutils:amd64 1:2.37.2-4ubuntu3
2026-03-22 14:15:23 status half-installed bsdutils:amd64 1:2.37.2-4ubuntu3
2026-03-22 14:15:23 status unpacked bsdutils:amd64 1:2.37.2-4ubuntu3.5
2026-03-22 14:15:23 startup packages configure
2026-03-22 14:15:23 configure bsdutils:amd64 1:2.37.2-4ubuntu3.5 <none>
2026-03-22 14:15:23 status unpacked bsdutils:amd64 1:2.37.2-4ubuntu3.5
2026-03-22 14:15:23 status half-configured bsdutils:amd64 1:2.37.2-4ubuntu3.5
2026-03-22 14:15:23 status installed bsdutils:amd64 1:2.37.2-4ubuntu3.5
2026-03-22 14:15:23 startup archives unpack
2026-03-22 14:15:23 upgrade coreutils:amd64 8.32-4.1ubuntu1 8.32-4.1ubuntu1.3
2026-03-22 14:15:23 status half-configured coreutils:amd64 8.32-4.1ubuntu1
2026-03-22 14:15:23 status unpacked coreutils:amd64 8.32-4.1ubuntu1
2026-03-22 14:15:23 status half-installed coreutils:amd64 8.32-4.1ubuntu1
2026-03-22 14:15:23 status unpacked coreutils:amd64 8.32-4.1ubuntu1.3
2026-03-22 14:15:23 startup packages configure
2026-03-22 14:15:23 configure coreutils:amd64 8.32-4.1ubuntu1.3 <none>
2026-03-22 14:15:23 status unpacked coreutils:amd64 8.32-4.1ubuntu1.3
2026-03-22 14:15:23 status half-configured coreutils:amd64 8.32-4.1ubuntu1.3
2026-03-22 14:15:23 status installed coreutils:amd64 8.32-4.1ubuntu1.3
2026-03-22 14:15:23 startup archives unpack
2026-03-22 14:15:23 upgrade libsystemd0:amd64 249.11-0ubuntu3 249.11-0ubuntu3.17
2026-03-22 14:15:23 status half-configured libsystemd0:amd64 249.11-0ubuntu3
2026-03-22 14:15:23 status unpacked libsystemd0:amd64 249.11-0ubuntu3
2026-03-22 14:15:23 status half-installed libsystemd0:amd64 249.11-0ubuntu3
2026-03-22 14:15:23 status unpacked libsystemd0:amd64 249.11-0ubuntu3.17
2026-03-22 14:15:23 startup packages configure
2026-03-22 14:15:23 configure libsystemd0:amd64 249.11-0ubuntu3.17 <none>
2026-03-22 14:15:23 status unpacked libsystemd0:amd64 249.11-0ubuntu3.17
2026-03-22 14:15:23 status half-configured libsystemd0:amd64 249.11-0ubuntu3.17
2026-03-22 14:15:23 status installed libsystemd0:amd64 249.11-0ubuntu3.17
2026-03-22 14:15:23 startup archives unpack
2026-03-22 14:15:23 upgrade libudev1:amd64 249.11-0ubuntu3 249.11-0ubuntu3.17
2026-03-22 14:15:23 status half-configured libudev1:amd64 249.11-0ubuntu3
2026-03-22 14:15:23 status unpacked libudev1:amd64 249.11-0ubuntu3
2026-03-22 14:15:23 status half-installed libudev1:amd64 249.11-0ubuntu3
2026-03-22 14:15:23 status unpacked libudev1:amd64 249.11-0ubuntu3.17
2026-03-22 14:15:23 startup packages configure
2026-03-22 14:15:23 configure libudev1:amd64 249.11-0ubuntu3.17 <none>
2026-03-22 14:15:23 status unpacked libudev1:amd64 249.11-0ubuntu3.17
2026-03-22 14:15:23 status half-configured libudev1:amd64 249.11-0ubuntu3.17
2026-03-22 14:15:23 status installed libudev1:amd64 249.11-0ubuntu3.17
2026-03-22 14:15:23 startup archives unpack
2026-03-22 14:15:23 upgrade zlib1g:amd64 1:1.2.11.dfsg-2ubuntu9 1:1.2.11.dfsg-2ubuntu9.2
2026-03-22 14:15:23 status half-configured zlib1g:amd64 1:1.2.11.dfsg-2ubuntu9
2026-03-22 14:15:23 status unpacked zlib1g:amd64 1:1.2.11.dfsg-2ubuntu9
2026-03-22 14:15:23 status half-installed zlib1g:amd64 1:1.2.11.dfsg-2ubuntu9
2026-03-22 14:15:23 status unpacked zlib1g:amd64 1:1.2.11.dfsg-2ubuntu9.2
2026-03-22 14:15:23 startup packages configure
2026-03-22 14:15:23 configure zlib1g:amd64 1:1.2.11.dfsg-2ubuntu9.2 <none>
2026-03-22 14:15:23 status unpacked zlib1g:amd64 1:1.2.11.dfsg-2ubuntu9.2
2026-03-22 14:15:23 status half-configured zlib1g:amd64 1:1.2.11.dfsg-2ubuntu9.2
2026-03-22 14:15:23 status installed zlib1g:amd64 1:1.2.11.dfsg-2ubuntu9.2
2026-03-22 14:15:23 startup archives unpack
2026-03-22 14:15:23 upgrade libapt-pkg6.0:amd64 2.4.5 2.4.14
2026-03-22 14:15:23 status half-configured libapt-pkg6.0:amd64 2.4.5
2026-03-22 14:15:23 status unpacked libapt-pkg6.0:amd64 2.4.5
2026-03-22 14:15:23 status half-installed libapt-pkg6.0:amd64 2.4.5
2026-03-22 14:15:23 status unpacked libapt-pkg6.0:amd64 2.4.14
2026-03-22 14:15:23 startup packages configure
2026-03-22 14:15:23 configure libapt-pkg6.0:amd64 2.4.14 <none>
2026-03-22 14:15:23 status unpacked libapt-pkg6.0:amd64 2.4.14
2026-03-22 14:15:23 status half-configured libapt-pkg6.0:amd64 2.4.14
2026-03-22 14:15:23 status installed libapt-pkg6.0:amd64 2.4.14
2026-03-22 14:15:23 startup archives unpack
2026-03-22 14:15:24 upgrade tar:amd64 1.34+dfsg-1build3 1.34+dfsg-1ubuntu0.1.22.04.2
2026-03-22 14:15:24 status half-configured tar:amd64 1.34+dfsg-1build3
2026-03-22 14:15:24 status unpacked tar:amd64 1.34+dfsg-1build3
2026-03-22 14:15:24 status half-installed tar:amd64 1.34+dfsg-1build3
2026-03-22 14:15:24 status unpacked tar:amd64 1.34+dfsg-1ubuntu0.1.22.04.2
2026-03-22 14:15:24 startup packages configure
2026-03-22 14:15:24 configure tar:amd64 1.34+dfsg-1ubuntu0.1.22.04.2 <none>
2026-03-22 14:15:24 status unpacked tar:amd64 1.34+dfsg-1ubuntu0.1.22.04.2
2026-03-22 14:15:24 status half-configured tar:amd64 1.34+dfsg-1ubuntu0.1.22.04.2
2026-03-22 14:15:24 status installed tar:amd64 1.34+dfsg-1ubuntu0.1.22.04.2
2026-03-22 14:15:24 startup archives unpack
2026-03-22 14:15:24 upgrade dpkg:amd64 1.21.1ubuntu2 1.21.1ubuntu2.6
2026-03-22 14:15:24 status half-configured dpkg:amd64 1.21.1ubuntu2
2026-03-22 14:15:24 status unpacked dpkg:amd64 1.21.1ubuntu2
2026-03-22 14:15:24 status half-installed dpkg:amd64 1.21.1ubuntu2
2026-03-22 14:15:24 status unpacked dpkg:amd64 1.21.1ubuntu2.6
2026-03-22 14:15:24 startup packages configure
2026-03-22 14:15:24 configure dpkg:amd64 1.21.1ubuntu2.6 <none>
2026-03-22 14:15:24 status unpacked dpkg:amd64 1.21.1ubuntu2.6
2026-03-22 14:15:24 status half-configured dpkg:amd64 1.21.1ubuntu2.6
2026-03-22 14:15:24 status installed dpkg:amd64 1.21.1ubuntu2.6
2026-03-22 14:15:24 startup archives unpack
2026-03-22 14:15:24 upgrade gzip:amd64 1.10-4ubuntu4 1.10-4ubuntu4.1
2026-03-22 14:15:24 status half-configured gzip:amd64 1.10-4ubuntu4
2026-03-22 14:15:24 status unpacked gzip:amd64 1.10-4ubuntu4
2026-03-22 14:15:24 status half-installed gzip:amd64 1.10-4ubuntu4
2026-03-22 14:15:24 status unpacked gzip:amd64 1.10-4ubuntu4.1
2026-03-22 14:15:24 startup packages configure
2026-03-22 14:15:24 configure gzip:amd64 1.10-4ubuntu4.1 <none>
2026-03-22 14:15:24 status unpacked gzip:amd64 1.10-4ubuntu4.1
2026-03-22 14:15:24 status half-configured gzip:amd64 1.10-4ubuntu4.1
2026-03-22 14:15:24 status installed gzip:amd64 1.10-4ubuntu4.1
2026-03-22 14:15:24 startup archives unpack
2026-03-22 14:15:24 upgrade login:amd64 1:4.8.1-2ubuntu2 1:4.8.1-2ubuntu2.2
2026-03-22 14:15:24 status half-configured login:amd64 1:4.8.1-2ubuntu2
2026-03-22 14:15:24 status unpacked login:amd64 1:4.8.1-2ubuntu2
2026-03-22 14:15:24 status half-installed login:amd64 1:4.8.1-2ubuntu2
2026-03-22 14:15:24 status unpacked login:amd64 1:4.8.1-2ubuntu2.2
2026-03-22 14:15:24 startup packages configure
2026-03-22 14:15:24 configure login:amd64 1:4.8.1-2ubuntu2.2 <none>
2026-03-22 14:15:24 status unpacked login:amd64 1:4.8.1-2ubuntu2.2
2026-03-22 14:15:24 status half-configured login:amd64 1:4.8.1-2ubuntu2.2
2026-03-22 14:15:24 status installed login:amd64 1:4.8.1-2ubuntu2.2
2026-03-22 14:15:24 startup archives unpack
2026-03-22 14:15:24 upgrade ncurses-bin:amd64 6.3-2 6.3-2ubuntu0.1
2026-03-22 14:15:24 status half-configured ncurses-bin:amd64 6.3-2
2026-03-22 14:15:24 status unpacked ncurses-bin:amd64 6.3-2
2026-03-22 14:15:24 status half-installed ncurses-bin:amd64 6.3-2
2026-03-22 14:15:24 status unpacked ncurses-bin:amd64 6.3-2ubuntu0.1
2026-03-22 14:15:24 startup packages configure
2026-03-22 14:15:24 configure ncurses-bin:amd64 6.3-2ubuntu0.1 <none>
2026-03-22 14:15:24 status unpacked ncurses-bin:amd64 6.3-2ubuntu0.1
2026-03-22 14:15:24 status half-configured ncurses-bin:amd64 6.3-2ubuntu0.1
2026-03-22 14:15:24 status installed ncurses-bin:amd64 6.3-2ubuntu0.1
2026-03-22 14:15:24 startup archives unpack
2026-03-22 14:15:24 upgrade perl-base:amd64 5.34.0-3ubuntu1 5.34.0-3ubuntu1.5
2026-03-22 14:15:24 status half-configured perl-base:amd64 5.34.0-3ubuntu1
2026-03-22 14:15:24 status unpacked perl-base:amd64 5.34.0-3ubuntu1
2026-03-22 14:15:24 status half-installed perl-base:amd64 5.34.0-3ubuntu1
2026-03-22 14:15:24 status unpacked perl-base:amd64 5.34.0-3ubuntu1.5
2026-03-22 14:15:24 startup packages configure
2026-03-22 14:15:24 configure perl-base:amd64 5.34.0-3ubuntu1.5 <none>
2026-03-22 14:15:24 status unpacked perl-base:amd64 5.34.0-3ubuntu1.5
2026-03-22 14:15:24 status half-configured perl-base:amd64 5.34.0-3ubuntu1.5
2026-03-22 14:15:24 status installed perl-base:amd64 5.34.0-3ubuntu1.5
2026-03-22 14:15:24 startup archives unpack
2026-03-22 14:15:24 upgrade util-linux:amd64 2.37.2-4ubuntu3 2.37.2-4ubuntu3.5
2026-03-22 14:15:24 status half-configured util-linux:amd64 2.37.2-4ubuntu3
2026-03-22 14:15:24 status unpacked util-linux:amd64 2.37.2-4ubuntu3
2026-03-22 14:15:24 status half-installed util-linux:amd64 2.37.2-4ubuntu3
2026-03-22 14:15:24 status unpacked util-linux:amd64 2.37.2-4ubuntu3.5
2026-03-22 14:15:24 startup packages configure
2026-03-22 14:15:24 configure util-linux:amd64 2.37.2-4ubuntu3.5 <none>
2026-03-22 14:15:24 status unpacked util-linux:amd64 2.37.2-4ubuntu3.5
2026-03-22 14:15:24 status half-configured util-linux:amd64 2.37.2-4ubuntu3.5
2026-03-22 14:15:25 status installed util-linux:amd64 2.37.2-4ubuntu3.5
2026-03-22 14:15:25 startup archives unpack
2026-03-22 14:15:25 upgrade libc-bin:amd64 2.35-0ubuntu3 2.35-0ubuntu3.13
2026-03-22 14:15:25 status half-configured libc-bin:amd64 2.35-0ubuntu3
2026-03-22 14:15:25 status unpacked libc-bin:amd64 2.35-0ubuntu3
2026-03-22 14:15:25 status half-installed libc-bin:amd64 2.35-0ubuntu3
2026-03-22 14:15:25 status unpacked libc-bin:amd64 2.35-0ubuntu3.13
2026-03-22 14:15:25 startup packages configure
2026-03-22 14:15:25 configure libc-bin:amd64 2.35-0ubuntu3.13 <none>
2026-03-22 14:15:25 status unpacked libc-bin:amd64 2.35-0ubuntu3.13
2026-03-22 14:15:25 status half-configured libc-bin:amd64 2.35-0ubuntu3.13
2026-03-22 14:15:25 status installed libc-bin:amd64 2.35-0ubuntu3.13
2026-03-22 14:15:25 startup archives unpack
2026-03-22 14:15:25 upgrade ncurses-base:all 6.3-2 6.3-2ubuntu0.1
2026-03-22 14:15:25 status half-configured ncurses-base:all 6.3-2
2026-03-22 14:15:25 status unpacked ncurses-base:all 6.3-2
2026-03-22 14:15:25 status half-installed ncurses-base:all 6.3-2
2026-03-22 14:15:25 status unpacked ncurses-base:all 6.3-2ubuntu0.1
2026-03-22 14:15:25 startup packages configure
2026-03-22 14:15:25 configure ncurses-base:all 6.3-2ubuntu0.1 <none>
2026-03-22 14:15:25 status unpacked ncurses-base:all 6.3-2ubuntu0.1
2026-03-22 14:15:25 status half-configured ncurses-base:all 6.3-2ubuntu0.1
2026-03-22 14:15:25 status installed ncurses-base:all 6.3-2ubuntu0.1
2026-03-22 14:15:25 startup archives unpack
2026-03-22 14:15:25 upgrade gpgv:amd64 2.2.27-3ubuntu2 2.2.27-3ubuntu2.5
2026-03-22 14:15:25 status half-configured gpgv:amd64 2.2.27-3ubuntu2
2026-03-22 14:15:25 status unpacked gpgv:amd64 2.2.27-3ubuntu2
2026-03-22 14:15:25 status half-installed gpgv:amd64 2.2.27-3ubuntu2
2026-03-22 14:15:25 status unpacked gpgv:amd64 2.2.27-3ubuntu2.5
2026-03-22 14:15:25 startup packages configure
2026-03-22 14:15:25 configure gpgv:amd64 2.2.27-3ubuntu2.5 <none>
2026-03-22 14:15:25 status unpacked gpgv:amd64 2.2.27-3ubuntu2.5
2026-03-22 14:15:25 status half-configured gpgv:amd64 2.2.27-3ubuntu2.5
2026-03-22 14:15:25 status installed gpgv:amd64 2.2.27-3ubuntu2.5
2026-03-22 14:15:25 startup archives unpack
2026-03-22 14:15:25 upgrade libtasn1-6:amd64 4.18.0-4build1 4.18.0-4ubuntu0.2
2026-03-22 14:15:25 status triggers-pending libc-bin:amd64 2.35-0ubuntu3.13
2026-03-22 14:15:25 status half-configured libtasn1-6:amd64 4.18.0-4build1
2026-03-22 14:15:25 status unpacked libtasn1-6:amd64 4.18.0-4build1
2026-03-22 14:15:25 status half-installed libtasn1-6:amd64 4.18.0-4build1
2026-03-22 14:15:25 status unpacked libtasn1-6:amd64 4.18.0-4ubuntu0.2
2026-03-22 14:15:25 startup packages configure
2026-03-22 14:15:25 configure libtasn1-6:amd64 4.18.0-4ubuntu0.2 <none>
2026-03-22 14:15:25 status unpacked libtasn1-6:amd64 4.18.0-4ubuntu0.2
2026-03-22 14:15:25 status half-configured libtasn1-6:amd64 4.18.0-4ubuntu0.2
2026-03-22 14:15:25 status installed libtasn1-6:amd64 4.18.0-4ubuntu0.2
2026-03-22 14:15:25 startup archives unpack
2026-03-22 14:15:25 upgrade libgnutls30:amd64 3.7.3-4ubuntu1 3.7.3-4ubuntu1.8
2026-03-22 14:15:25 status half-configured libgnutls30:amd64 3.7.3-4ubuntu1
2026-03-22 14:15:25 status unpacked libgnutls30:amd64 3.7.3-4ubuntu1
2026-03-22 14:15:25 status half-installed libgnutls30:amd64 3.7.3-4ubuntu1
2026-03-22 14:15:25 status unpacked libgnutls30:amd64 3.7.3-4ubuntu1.8
2026-03-22 14:15:25 startup packages configure
2026-03-22 14:15:25 configure libgnutls30:amd64 3.7.3-4ubuntu1.8 <none>
2026-03-22 14:15:25 status unpacked libgnutls30:amd64 3.7.3-4ubuntu1.8
2026-03-22 14:15:25 status half-configured libgnutls30:amd64 3.7.3-4ubuntu1.8
2026-03-22 14:15:25 status installed libgnutls30:amd64 3.7.3-4ubuntu1.8
2026-03-22 14:15:25 startup archives unpack
2026-03-22 14:15:25 upgrade libseccomp2:amd64 2.5.3-2ubuntu2 2.5.3-2ubuntu3~22.04.1
2026-03-22 14:15:25 status half-configured libseccomp2:amd64 2.5.3-2ubuntu2
2026-03-22 14:15:25 status unpacked libseccomp2:amd64 2.5.3-2ubuntu2
2026-03-22 14:15:25 status half-installed libseccomp2:amd64 2.5.3-2ubuntu2
2026-03-22 14:15:25 status unpacked libseccomp2:amd64 2.5.3-2ubuntu3~22.04.1
2026-03-22 14:15:25 startup packages configure
2026-03-22 14:15:25 configure libseccomp2:amd64 2.5.3-2ubuntu3~22.04.1 <none>
2026-03-22 14:15:25 status unpacked libseccomp2:amd64 2.5.3-2ubuntu3~22.04.1
2026-03-22 14:15:25 status half-configured libseccomp2:amd64 2.5.3-2ubuntu3~22.04.1
2026-03-22 14:15:25 status installed libseccomp2:amd64 2.5.3-2ubuntu3~22.04.1
2026-03-22 14:15:25 startup archives unpack
2026-03-22 14:15:25 upgrade apt:amd64 2.4.5 2.4.14
2026-03-22 14:15:25 status half-configured apt:amd64 2.4.5
2026-03-22 14:15:25 status unpacked apt:amd64 2.4.5
2026-03-22 14:15:25 status half-installed apt:amd64 2.4.5
2026-03-22 14:15:25 status unpacked apt:amd64 2.4.14
2026-03-22 14:15:25 startup packages configure
2026-03-22 14:15:25 configure apt:amd64 2.4.14 <none>
2026-03-22 14:15:25 status unpacked apt:amd64 2.4.14
2026-03-22 14:15:25 status half-configured apt:amd64 2.4.14
2026-03-22 14:15:25 status installed apt:amd64 2.4.14
2026-03-22 14:15:25 startup archives unpack
2026-03-22 14:15:25 upgrade libpam0g:amd64 1.4.0-11ubuntu2 1.4.0-11ubuntu2.6
2026-03-22 14:15:25 status half-configured libpam0g:amd64 1.4.0-11ubuntu2
2026-03-22 14:15:25 status unpacked libpam0g:amd64 1.4.0-11ubuntu2
2026-03-22 14:15:25 status half-installed libpam0g:amd64 1.4.0-11ubuntu2
2026-03-22 14:15:26 status unpacked libpam0g:amd64 1.4.0-11ubuntu2.6
2026-03-22 14:15:26 startup packages configure
2026-03-22 14:15:26 configure libpam0g:amd64 1.4.0-11ubuntu2.6 <none>
2026-03-22 14:15:26 status unpacked libpam0g:amd64 1.4.0-11ubuntu2.6
2026-03-22 14:15:26 status half-configured libpam0g:amd64 1.4.0-11ubuntu2.6
2026-03-22 14:15:26 status installed libpam0g:amd64 1.4.0-11ubuntu2.6
2026-03-22 14:15:26 startup archives unpack
2026-03-22 14:15:26 upgrade libpam-modules-bin:amd64 1.4.0-11ubuntu2 1.4.0-11ubuntu2.6
2026-03-22 14:15:26 status half-configured libpam-modules-bin:amd64 1.4.0-11ubuntu2
2026-03-22 14:15:26 status unpacked libpam-modules-bin:amd64 1.4.0-11ubuntu2
2026-03-22 14:15:26 status half-installed libpam-modules-bin:amd64 1.4.0-11ubuntu2
2026-03-22 14:15:26 status unpacked libpam-modules-bin:amd64 1.4.0-11ubuntu2.6
2026-03-22 14:15:26 startup packages configure
2026-03-22 14:15:26 configure libpam-modules-bin:amd64 1.4.0-11ubuntu2.6 <none>
2026-03-22 14:15:26 status unpacked libpam-modules-bin:amd64 1.4.0-11ubuntu2.6
2026-03-22 14:15:26 status half-configured libpam-modules-bin:amd64 1.4.0-11ubuntu2.6
2026-03-22 14:15:26 status installed libpam-modules-bin:amd64 1.4.0-11ubuntu2.6
2026-03-22 14:15:26 startup archives unpack
2026-03-22 14:15:26 upgrade libpam-modules:amd64 1.4.0-11ubuntu2 1.4.0-11ubuntu2.6
2026-03-22 14:15:26 status half-configured libpam-modules:amd64 1.4.0-11ubuntu2
2026-03-22 14:15:26 status unpacked libpam-modules:amd64 1.4.0-11ubuntu2
2026-03-22 14:15:26 status half-installed libpam-modules:amd64 1.4.0-11ubuntu2
2026-03-22 14:15:26 status unpacked libpam-modules:amd64 1.4.0-11ubuntu2.6
2026-03-22 14:15:26 startup packages configure
2026-03-22 14:15:26 configure libpam-modules:amd64 1.4.0-11ubuntu2.6 <none>
2026-03-22 14:15:26 status unpacked libpam-modules:amd64 1.4.0-11ubuntu2.6
2026-03-22 14:15:26 status half-configured libpam-modules:amd64 1.4.0-11ubuntu2.6
2026-03-22 14:15:26 status installed libpam-modules:amd64 1.4.0-11ubuntu2.6
2026-03-22 14:15:26 startup archives unpack
2026-03-22 14:15:26 upgrade logsave:amd64 1.46.5-2ubuntu1 1.46.5-2ubuntu1.2
2026-03-22 14:15:26 status half-configured logsave:amd64 1.46.5-2ubuntu1
2026-03-22 14:15:26 status unpacked logsave:amd64 1.46.5-2ubuntu1
2026-03-22 14:15:26 status half-installed logsave:amd64 1.46.5-2ubuntu1
2026-03-22 14:15:26 status unpacked logsave:amd64 1.46.5-2ubuntu1.2
2026-03-22 14:15:26 upgrade libext2fs2:amd64 1.46.5-2ubuntu1 1.46.5-2ubuntu1.2
2026-03-22 14:15:26 status half-configured libext2fs2:amd64 1.46.5-2ubuntu1
2026-03-22 14:15:26 status unpacked libext2fs2:amd64 1.46.5-2ubuntu1
2026-03-22 14:15:26 status half-installed libext2fs2:amd64 1.46.5-2ubuntu1
2026-03-22 14:15:26 status unpacked libext2fs2:amd64 1.46.5-2ubuntu1.2
2026-03-22 14:15:26 startup packages configure
2026-03-22 14:15:26 configure libext2fs2:amd64 1.46.5-2ubuntu1.2 <none>
2026-03-22 14:15:26 status unpacked libext2fs2:amd64 1.46.5-2ubuntu1.2
2026-03-22 14:15:26 status half-configured libext2fs2:amd64 1.46.5-2ubuntu1.2
2026-03-22 14:15:26 status installed libext2fs2:amd64 1.46.5-2ubuntu1.2
2026-03-22 14:15:26 startup archives unpack
2026-03-22 14:15:26 upgrade e2fsprogs:amd64 1.46.5-2ubuntu1 1.46.5-2ubuntu1.2
2026-03-22 14:15:26 status half-configured e2fsprogs:amd64 1.46.5-2ubuntu1
2026-03-22 14:15:26 status unpacked e2fsprogs:amd64 1.46.5-2ubuntu1
2026-03-22 14:15:26 status half-installed e2fsprogs:amd64 1.46.5-2ubuntu1
2026-03-22 14:15:26 status unpacked e2fsprogs:amd64 1.46.5-2ubuntu1.2
2026-03-22 14:15:26 upgrade mount:amd64 2.37.2-4ubuntu3 2.37.2-4ubuntu3.5
2026-03-22 14:15:26 status half-configured mount:amd64 2.37.2-4ubuntu3
2026-03-22 14:15:26 status unpacked mount:amd64 2.37.2-4ubuntu3
2026-03-22 14:15:26 status half-installed mount:amd64 2.37.2-4ubuntu3
2026-03-22 14:15:26 status unpacked mount:amd64 2.37.2-4ubuntu3.5
2026-03-22 14:15:26 upgrade libblkid1:amd64 2.37.2-4ubuntu3 2.37.2-4ubuntu3.5
2026-03-22 14:15:26 status half-configured libblkid1:amd64 2.37.2-4ubuntu3
2026-03-22 14:15:26 status unpacked libblkid1:amd64 2.37.2-4ubuntu3
2026-03-22 14:15:26 status half-installed libblkid1:amd64 2.37.2-4ubuntu3
2026-03-22 14:15:26 status unpacked libblkid1:amd64 2.37.2-4ubuntu3.5
2026-03-22 14:15:26 startup packages configure
2026-03-22 14:15:26 configure libblkid1:amd64 2.37.2-4ubuntu3.5 <none>
2026-03-22 14:15:26 status unpacked libblkid1:amd64 2.37.2-4ubuntu3.5
2026-03-22 14:15:26 status half-configured libblkid1:amd64 2.37.2-4ubuntu3.5
2026-03-22 14:15:26 status installed libblkid1:amd64 2.37.2-4ubuntu3.5
2026-03-22 14:15:26 startup archives unpack
2026-03-22 14:15:26 upgrade libcap2:amd64 1:2.44-1build3 1:2.44-1ubuntu0.22.04.2
2026-03-22 14:15:26 status half-configured libcap2:amd64 1:2.44-1build3
2026-03-22 14:15:26 status unpacked libcap2:amd64 1:2.44-1build3
2026-03-22 14:15:26 status half-installed libcap2:amd64 1:2.44-1build3
2026-03-22 14:15:26 status unpacked libcap2:amd64 1:2.44-1ubuntu0.22.04.2
2026-03-22 14:15:26 startup packages configure
2026-03-22 14:15:26 configure libcap2:amd64 1:2.44-1ubuntu0.22.04.2 <none>
2026-03-22 14:15:26 status unpacked libcap2:amd64 1:2.44-1ubuntu0.22.04.2
2026-03-22 14:15:26 status half-configured libcap2:amd64 1:2.44-1ubuntu0.22.04.2
2026-03-22 14:15:26 status installed libcap2:amd64 1:2.44-1ubuntu0.22.04.2
2026-03-22 14:15:26 startup archives unpack
2026-03-22 14:15:26 upgrade libcom-err2:amd64 1.46.5-2ubuntu1 1.46.5-2ubuntu1.2
2026-03-22 14:15:26 status half-configured libcom-err2:amd64 1.46.5-2ubuntu1
2026-03-22 14:15:26 status unpacked libcom-err2:amd64 1.46.5-2ubuntu1
2026-03-22 14:15:26 status half-installed libcom-err2:amd64 1.46.5-2ubuntu1
2026-03-22 14:15:26 status unpacked libcom-err2:amd64 1.46.5-2ubuntu1.2
2026-03-22 14:15:26 startup packages configure
2026-03-22 14:15:26 configure libcom-err2:amd64 1.46.5-2ubuntu1.2 <none>
2026-03-22 14:15:26 status unpacked libcom-err2:amd64 1.46.5-2ubuntu1.2
2026-03-22 14:15:26 status half-configured libcom-err2:amd64 1.46.5-2ubuntu1.2
2026-03-22 14:15:26 status installed libcom-err2:amd64 1.46.5-2ubuntu1.2
2026-03-22 14:15:26 startup archives unpack
2026-03-22 14:15:26 upgrade libk5crypto3:amd64 1.19.2-2 1.19.2-2ubuntu0.7
2026-03-22 14:15:26 status half-configured libk5crypto3:amd64 1.19.2-2
2026-03-22 14:15:26 status unpacked libk5crypto3:amd64 1.19.2-2
2026-03-22 14:15:26 status half-installed libk5crypto3:amd64 1.19.2-2
2026-03-22 14:15:26 status unpacked libk5crypto3:amd64 1.19.2-2ubuntu0.7
2026-03-22 14:15:26 startup packages configure
2026-03-22 14:15:26 configure libk5crypto3:amd64 1.19.2-2ubuntu0.7 <none>
2026-03-22 14:15:26 status unpacked libk5crypto3:amd64 1.19.2-2ubuntu0.7
2026-03-22 14:15:26 status half-configured libk5crypto3:amd64 1.19.2-2ubuntu0.7
2026-03-22 14:15:26 status installed libk5crypto3:amd64 1.19.2-2ubuntu0.7
2026-03-22 14:15:26 startup archives unpack
2026-03-22 14:15:26 upgrade libkrb5support0:amd64 1.19.2-2 1.19.2-2ubuntu0.7
2026-03-22 14:15:26 status half-configured libkrb5support0:amd64 1.19.2-2
2026-03-22 14:15:26 status unpacked libkrb5support0:amd64 1.19.2-2
2026-03-22 14:15:26 status half-installed libkrb5support0:amd64 1.19.2-2
2026-03-22 14:15:26 status unpacked libkrb5support0:amd64 1.19.2-2ubuntu0.7
2026-03-22 14:15:26 startup packages configure
2026-03-22 14:15:26 configure libkrb5support0:amd64 1.19.2-2ubuntu0.7 <none>
2026-03-22 14:15:26 status unpacked libkrb5support0:amd64 1.19.2-2ubuntu0.7
2026-03-22 14:15:26 status half-configured libkrb5support0:amd64 1.19.2-2ubuntu0.7
2026-03-22 14:15:26 status installed libkrb5support0:amd64 1.19.2-2ubuntu0.7
2026-03-22 14:15:26 startup archives unpack
2026-03-22 14:15:26 upgrade libkrb5-3:amd64 1.19.2-2 1.19.2-2ubuntu0.7
2026-03-22 14:15:26 status half-configured libkrb5-3:amd64 1.19.2-2
2026-03-22 14:15:26 status unpacked libkrb5-3:amd64 1.19.2-2
2026-03-22 14:15:26 status half-installed libkrb5-3:amd64 1.19.2-2
2026-03-22 14:15:26 status unpacked libkrb5-3:amd64 1.19.2-2ubuntu0.7
2026-03-22 14:15:26 startup packages configure
2026-03-22 14:15:26 configure libkrb5-3:amd64 1.19.2-2ubuntu0.7 <none>
2026-03-22 14:15:26 status unpacked libkrb5-3:amd64 1.19.2-2ubuntu0.7
2026-03-22 14:15:26 status half-configured libkrb5-3:amd64 1.19.2-2ubuntu0.7
2026-03-22 14:15:26 status installed libkrb5-3:amd64 1.19.2-2ubuntu0.7
2026-03-22 14:15:26 startup archives unpack
2026-03-22 14:15:26 upgrade libgssapi-krb5-2:amd64 1.19.2-2 1.19.2-2ubuntu0.7
2026-03-22 14:15:26 status half-configured libgssapi-krb5-2:amd64 1.19.2-2
2026-03-22 14:15:26 status unpacked libgssapi-krb5-2:amd64 1.19.2-2
2026-03-22 14:15:26 status half-installed libgssapi-krb5-2:amd64 1.19.2-2
2026-03-22 14:15:26 status unpacked libgssapi-krb5-2:amd64 1.19.2-2ubuntu0.7
2026-03-22 14:15:27 startup packages configure
2026-03-22 14:15:27 configure libgssapi-krb5-2:amd64 1.19.2-2ubuntu0.7 <none>
2026-03-22 14:15:27 status unpacked libgssapi-krb5-2:amd64 1.19.2-2ubuntu0.7
2026-03-22 14:15:27 status half-configured libgssapi-krb5-2:amd64 1.19.2-2ubuntu0.7
2026-03-22 14:15:27 status installed libgssapi-krb5-2:amd64 1.19.2-2ubuntu0.7
2026-03-22 14:15:27 startup archives unpack
2026-03-22 14:15:27 upgrade libssl3:amd64 3.0.2-0ubuntu1 3.0.2-0ubuntu1.21
2026-03-22 14:15:27 status half-configured libssl3:amd64 3.0.2-0ubuntu1
2026-03-22 14:15:27 status unpacked libssl3:amd64 3.0.2-0ubuntu1
2026-03-22 14:15:27 status half-installed libssl3:amd64 3.0.2-0ubuntu1
2026-03-22 14:15:27 status unpacked libssl3:amd64 3.0.2-0ubuntu1.21
2026-03-22 14:15:27 startup packages configure
2026-03-22 14:15:27 configure libssl3:amd64 3.0.2-0ubuntu1.21 <none>
2026-03-22 14:15:27 status unpacked libssl3:amd64 3.0.2-0ubuntu1.21
2026-03-22 14:15:27 status half-configured libssl3:amd64 3.0.2-0ubuntu1.21
2026-03-22 14:15:27 status installed libssl3:amd64 3.0.2-0ubuntu1.21
2026-03-22 14:15:27 startup archives unpack
2026-03-22 14:15:27 upgrade libmount1:amd64 2.37.2-4ubuntu3 2.37.2-4ubuntu3.5
2026-03-22 14:15:27 status half-configured libmount1:amd64 2.37.2-4ubuntu3
2026-03-22 14:15:27 status unpacked libmount1:amd64 2.37.2-4ubuntu3
2026-03-22 14:15:27 status half-installed libmount1:amd64 2.37.2-4ubuntu3
2026-03-22 14:15:27 status unpacked libmount1:amd64 2.37.2-4ubuntu3.5
2026-03-22 14:15:27 startup packages configure
2026-03-22 14:15:27 configure libmount1:amd64 2.37.2-4ubuntu3.5 <none>
2026-03-22 14:15:27 status unpacked libmount1:amd64 2.37.2-4ubuntu3.5
2026-03-22 14:15:27 status half-configured libmount1:amd64 2.37.2-4ubuntu3.5
2026-03-22 14:15:27 status installed libmount1:amd64 2.37.2-4ubuntu3.5
2026-03-22 14:15:27 startup archives unpack
2026-03-22 14:15:27 upgrade libpam-runtime:all 1.4.0-11ubuntu2 1.4.0-11ubuntu2.6
2026-03-22 14:15:27 status half-configured libpam-runtime:all 1.4.0-11ubuntu2
2026-03-22 14:15:27 status unpacked libpam-runtime:all 1.4.0-11ubuntu2
2026-03-22 14:15:27 status half-installed libpam-runtime:all 1.4.0-11ubuntu2
2026-03-22 14:15:27 status unpacked libpam-runtime:all 1.4.0-11ubuntu2.6
2026-03-22 14:15:27 startup packages configure
2026-03-22 14:15:27 configure libpam-runtime:all 1.4.0-11ubuntu2.6 <none>
2026-03-22 14:15:27 status unpacked libpam-runtime:all 1.4.0-11ubuntu2.6
2026-03-22 14:15:27 status half-configured libpam-runtime:all 1.4.0-11ubuntu2.6
2026-03-22 14:15:27 status installed libpam-runtime:all 1.4.0-11ubuntu2.6
2026-03-22 14:15:27 startup archives unpack
2026-03-22 14:15:27 upgrade libpcre2-8-0:amd64 10.39-3build1 10.39-3ubuntu0.1
2026-03-22 14:15:27 status half-configured libpcre2-8-0:amd64 10.39-3build1
2026-03-22 14:15:27 status unpacked libpcre2-8-0:amd64 10.39-3build1
2026-03-22 14:15:27 status half-installed libpcre2-8-0:amd64 10.39-3build1
2026-03-22 14:15:27 status unpacked libpcre2-8-0:amd64 10.39-3ubuntu0.1
2026-03-22 14:15:27 startup packages configure
2026-03-22 14:15:27 configure libpcre2-8-0:amd64 10.39-3ubuntu0.1 <none>
2026-03-22 14:15:27 status unpacked libpcre2-8-0:amd64 10.39-3ubuntu0.1
2026-03-22 14:15:27 status half-configured libpcre2-8-0:amd64 10.39-3ubuntu0.1
2026-03-22 14:15:27 status installed libpcre2-8-0:amd64 10.39-3ubuntu0.1
2026-03-22 14:15:27 startup archives unpack
2026-03-22 14:15:27 upgrade libpcre3:amd64 2:8.39-13build5 2:8.39-13ubuntu0.22.04.1
2026-03-22 14:15:27 status half-configured libpcre3:amd64 2:8.39-13build5
2026-03-22 14:15:27 status unpacked libpcre3:amd64 2:8.39-13build5
2026-03-22 14:15:27 status half-installed libpcre3:amd64 2:8.39-13build5
2026-03-22 14:15:27 status unpacked libpcre3:amd64 2:8.39-13ubuntu0.22.04.1
2026-03-22 14:15:27 startup packages configure
2026-03-22 14:15:27 configure libpcre3:amd64 2:8.39-13ubuntu0.22.04.1 <none>
2026-03-22 14:15:27 status unpacked libpcre3:amd64 2:8.39-13ubuntu0.22.04.1
2026-03-22 14:15:27 status half-configured libpcre3:amd64 2:8.39-13ubuntu0.22.04.1
2026-03-22 14:15:27 status installed libpcre3:amd64 2:8.39-13ubuntu0.22.04.1
2026-03-22 14:15:27 startup archives unpack
2026-03-22 14:15:27 upgrade libsmartcols1:amd64 2.37.2-4ubuntu3 2.37.2-4ubuntu3.5
2026-03-22 14:15:27 status half-configured libsmartcols1:amd64 2.37.2-4ubuntu3
2026-03-22 14:15:27 status unpacked libsmartcols1:amd64 2.37.2-4ubuntu3
2026-03-22 14:15:27 status half-installed libsmartcols1:amd64 2.37.2-4ubuntu3
2026-03-22 14:15:27 status unpacked libsmartcols1:amd64 2.37.2-4ubuntu3.5
2026-03-22 14:15:27 startup packages configure
2026-03-22 14:15:27 configure libsmartcols1:amd64 2.37.2-4ubuntu3.5 <none>
2026-03-22 14:15:27 status unpacked libsmartcols1:amd64 2.37.2-4ubuntu3.5
2026-03-22 14:15:27 status half-configured libsmartcols1:amd64 2.37.2-4ubuntu3.5
2026-03-22 14:15:27 status installed libsmartcols1:amd64 2.37.2-4ubuntu3.5
2026-03-22 14:15:27 startup archives unpack
2026-03-22 14:15:27 upgrade libncursesw6:amd64 6.3-2 6.3-2ubuntu0.1
2026-03-22 14:15:27 status half-configured libncursesw6:amd64 6.3-2
2026-03-22 14:15:27 status unpacked libncursesw6:amd64 6.3-2
2026-03-22 14:15:27 status half-installed libncursesw6:amd64 6.3-2
2026-03-22 14:15:27 status unpacked libncursesw6:amd64 6.3-2ubuntu0.1
2026-03-22 14:15:27 upgrade libncurses6:amd64 6.3-2 6.3-2ubuntu0.1
2026-03-22 14:15:27 status half-configured libncurses6:amd64 6.3-2
2026-03-22 14:15:27 status unpacked libncurses6:amd64 6.3-2
2026-03-22 14:15:27 status half-installed libncurses6:amd64 6.3-2
2026-03-22 14:15:27 status unpacked libncurses6:amd64 6.3-2ubuntu0.1
2026-03-22 14:15:27 upgrade libtinfo6:amd64 6.3-2 6.3-2ubuntu0.1
2026-03-22 14:15:27 status half-configured libtinfo6:amd64 6.3-2
2026-03-22 14:15:27 status unpacked libtinfo6:amd64 6.3-2
2026-03-22 14:15:27 status half-installed libtinfo6:amd64 6.3-2
2026-03-22 14:15:27 status unpacked libtinfo6:amd64 6.3-2ubuntu0.1
2026-03-22 14:15:27 startup packages configure
2026-03-22 14:15:27 configure libtinfo6:amd64 6.3-2ubuntu0.1 <none>
2026-03-22 14:15:27 status unpacked libtinfo6:amd64 6.3-2ubuntu0.1
2026-03-22 14:15:27 status half-configured libtinfo6:amd64 6.3-2ubuntu0.1
2026-03-22 14:15:27 status installed libtinfo6:amd64 6.3-2ubuntu0.1
2026-03-22 14:15:27 startup archives unpack
2026-03-22 14:15:27 upgrade libtirpc-common:all 1.3.2-2build1 1.3.2-2ubuntu0.1
2026-03-22 14:15:27 status half-configured libtirpc-common:all 1.3.2-2build1
2026-03-22 14:15:27 status unpacked libtirpc-common:all 1.3.2-2build1
2026-03-22 14:15:27 status half-installed libtirpc-common:all 1.3.2-2build1
2026-03-22 14:15:27 status unpacked libtirpc-common:all 1.3.2-2ubuntu0.1
2026-03-22 14:15:27 startup packages configure
2026-03-22 14:15:27 configure libtirpc-common:all 1.3.2-2ubuntu0.1 <none>
2026-03-22 14:15:27 status unpacked libtirpc-common:all 1.3.2-2ubuntu0.1
2026-03-22 14:15:27 status half-configured libtirpc-common:all 1.3.2-2ubuntu0.1
2026-03-22 14:15:27 status installed libtirpc-common:all 1.3.2-2ubuntu0.1
2026-03-22 14:15:27 startup archives unpack
2026-03-22 14:15:27 upgrade libtirpc3:amd64 1.3.2-2build1 1.3.2-2ubuntu0.1
2026-03-22 14:15:27 status half-configured libtirpc3:amd64 1.3.2-2build1
2026-03-22 14:15:27 status unpacked libtirpc3:amd64 1.3.2-2build1
2026-03-22 14:15:27 status half-installed libtirpc3:amd64 1.3.2-2build1
2026-03-22 14:15:27 status unpacked libtirpc3:amd64 1.3.2-2ubuntu0.1
2026-03-22 14:15:27 startup packages configure
2026-03-22 14:15:27 configure libtirpc3:amd64 1.3.2-2ubuntu0.1 <none>
2026-03-22 14:15:27 status unpacked libtirpc3:amd64 1.3.2-2ubuntu0.1
2026-03-22 14:15:27 status half-configured libtirpc3:amd64 1.3.2-2ubuntu0.1
2026-03-22 14:15:27 status installed libtirpc3:amd64 1.3.2-2ubuntu0.1
2026-03-22 14:15:27 startup archives unpack
2026-03-22 14:15:27 upgrade libuuid1:amd64 2.37.2-4ubuntu3 2.37.2-4ubuntu3.5
2026-03-22 14:15:27 status half-configured libuuid1:amd64 2.37.2-4ubuntu3
2026-03-22 14:15:27 status unpacked libuuid1:amd64 2.37.2-4ubuntu3
2026-03-22 14:15:27 status half-installed libuuid1:amd64 2.37.2-4ubuntu3
2026-03-22 14:15:27 status unpacked libuuid1:amd64 2.37.2-4ubuntu3.5
2026-03-22 14:15:27 startup packages configure
2026-03-22 14:15:27 configure libuuid1:amd64 2.37.2-4ubuntu3.5 <none>
2026-03-22 14:15:27 status unpacked libuuid1:amd64 2.37.2-4ubuntu3.5
2026-03-22 14:15:27 status half-configured libuuid1:amd64 2.37.2-4ubuntu3.5
2026-03-22 14:15:27 status installed libuuid1:amd64 2.37.2-4ubuntu3.5
2026-03-22 14:15:27 startup archives unpack
2026-03-22 14:15:27 upgrade passwd:amd64 1:4.8.1-2ubuntu2 1:4.8.1-2ubuntu2.2
2026-03-22 14:15:27 status half-configured passwd:amd64 1:4.8.1-2ubuntu2
2026-03-22 14:15:27 status unpacked passwd:amd64 1:4.8.1-2ubuntu2
2026-03-22 14:15:27 status half-installed passwd:amd64 1:4.8.1-2ubuntu2
2026-03-22 14:15:28 status unpacked passwd:amd64 1:4.8.1-2ubuntu2.2
2026-03-22 14:15:28 startup packages configure
2026-03-22 14:15:28 configure passwd:amd64 1:4.8.1-2ubuntu2.2 <none>
2026-03-22 14:15:28 status unpacked passwd:amd64 1:4.8.1-2ubuntu2.2
2026-03-22 14:15:28 status half-configured passwd:amd64 1:4.8.1-2ubuntu2.2
2026-03-22 14:15:28 status installed passwd:amd64 1:4.8.1-2ubuntu2.2
2026-03-22 14:15:28 startup archives unpack
2026-03-22 14:15:28 upgrade libprocps8:amd64 2:3.3.17-6ubuntu2 2:3.3.17-6ubuntu2.1
2026-03-22 14:15:28 status half-configured libprocps8:amd64 2:3.3.17-6ubuntu2
2026-03-22 14:15:28 status unpacked libprocps8:amd64 2:3.3.17-6ubuntu2
2026-03-22 14:15:28 status half-installed libprocps8:amd64 2:3.3.17-6ubuntu2
2026-03-22 14:15:28 status unpacked libprocps8:amd64 2:3.3.17-6ubuntu2.1
2026-03-22 14:15:28 upgrade libss2:amd64 1.46.5-2ubuntu1 1.46.5-2ubuntu1.2
2026-03-22 14:15:28 status half-configured libss2:amd64 1.46.5-2ubuntu1
2026-03-22 14:15:28 status unpacked libss2:amd64 1.46.5-2ubuntu1
2026-03-22 14:15:28 status half-installed libss2:amd64 1.46.5-2ubuntu1
2026-03-22 14:15:28 status unpacked libss2:amd64 1.46.5-2ubuntu1.2
2026-03-22 14:15:28 upgrade procps:amd64 2:3.3.17-6ubuntu2 2:3.3.17-6ubuntu2.1
2026-03-22 14:15:28 status half-configured procps:amd64 2:3.3.17-6ubuntu2
2026-03-22 14:15:28 status unpacked procps:amd64 2:3.3.17-6ubuntu2
2026-03-22 14:15:28 status half-installed procps:amd64 2:3.3.17-6ubuntu2
2026-03-22 14:15:28 status unpacked procps:amd64 2:3.3.17-6ubuntu2.1
2026-03-22 14:15:28 startup packages configure
2026-03-22 14:15:28 configure libncurses6:amd64 6.3-2ubuntu0.1 <none>
2026-03-22 14:15:28 status unpacked libncurses6:amd64 6.3-2ubuntu0.1
2026-03-22 14:15:28 status half-configured libncurses6:amd64 6.3-2ubuntu0.1
2026-03-22 14:15:28 status installed libncurses6:amd64 6.3-2ubuntu0.1
2026-03-22 14:15:28 configure libss2:amd64 1.46.5-2ubuntu1.2 <none>
2026-03-22 14:15:28 status unpacked libss2:amd64 1.46.5-2ubuntu1.2
2026-03-22 14:15:28 status half-configured libss2:amd64 1.46.5-2ubuntu1.2
2026-03-22 14:15:28 status installed libss2:amd64 1.46.5-2ubuntu1.2
2026-03-22 14:15:28 configure libncursesw6:amd64 6.3-2ubuntu0.1 <none>
2026-03-22 14:15:28 status unpacked libncursesw6:amd64 6.3-2ubuntu0.1
2026-03-22 14:15:28 status half-configured libncursesw6:amd64 6.3-2ubuntu0.1
2026-03-22 14:15:28 status installed libncursesw6:amd64 6.3-2ubuntu0.1
2026-03-22 14:15:28 configure logsave:amd64 1.46.5-2ubuntu1.2 <none>
2026-03-22 14:15:28 status unpacked logsave:amd64 1.46.5-2ubuntu1.2
2026-03-22 14:15:28 status half-configured logsave:amd64 1.46.5-2ubuntu1.2
2026-03-22 14:15:28 status installed logsave:amd64 1.46.5-2ubuntu1.2
2026-03-22 14:15:28 configure mount:amd64 2.37.2-4ubuntu3.5 <none>
2026-03-22 14:15:28 status unpacked mount:amd64 2.37.2-4ubuntu3.5
2026-03-22 14:15:28 status half-configured mount:amd64 2.37.2-4ubuntu3.5
2026-03-22 14:15:28 status installed mount:amd64 2.37.2-4ubuntu3.5
2026-03-22 14:15:28 configure libprocps8:amd64 2:3.3.17-6ubuntu2.1 <none>
2026-03-22 14:15:28 status unpacked libprocps8:amd64 2:3.3.17-6ubuntu2.1
2026-03-22 14:15:28 status half-configured libprocps8:amd64 2:3.3.17-6ubuntu2.1
2026-03-22 14:15:28 status installed libprocps8:amd64 2:3.3.17-6ubuntu2.1
2026-03-22 14:15:28 configure e2fsprogs:amd64 1.46.5-2ubuntu1.2 <none>
2026-03-22 14:15:28 status unpacked e2fsprogs:amd64 1.46.5-2ubuntu1.2
2026-03-22 14:15:28 status half-configured e2fsprogs:amd64 1.46.5-2ubuntu1.2
2026-03-22 14:15:28 status installed e2fsprogs:amd64 1.46.5-2ubuntu1.2
2026-03-22 14:15:28 configure procps:amd64 2:3.3.17-6ubuntu2.1 <none>
2026-03-22 14:15:28 status unpacked procps:amd64 2:3.3.17-6ubuntu2.1
2026-03-22 14:15:28 status half-configured procps:amd64 2:3.3.17-6ubuntu2.1
2026-03-22 14:15:28 status installed procps:amd64 2:3.3.17-6ubuntu2.1
2026-03-22 14:15:28 trigproc libc-bin:amd64 2.35-0ubuntu3.13 <none>
2026-03-22 14:15:28 status half-configured libc-bin:amd64 2.35-0ubuntu3.13
2026-03-22 14:15:28 status installed libc-bin:amd64 2.35-0ubuntu3.13
2026-04-14 12:37:04 startup archives unpack
2026-04-14 12:37:04 upgrade libsystemd0:amd64 249.11-0ubuntu3.17 249.11-0ubuntu3.20
2026-04-14 12:37:04 status triggers-pending libc-bin:amd64 2.35-0ubuntu3.13
2026-04-14 12:37:04 status half-configured libsystemd0:amd64 249.11-0ubuntu3.17
2026-04-14 12:37:04 status unpacked libsystemd0:amd64 249.11-0ubuntu3.17
2026-04-14 12:37:04 status half-installed libsystemd0:amd64 249.11-0ubuntu3.17
2026-04-14 12:37:04 status unpacked libsystemd0:amd64 249.11-0ubuntu3.20
2026-04-14 12:37:04 startup packages configure
2026-04-14 12:37:04 configure libsystemd0:amd64 249.11-0ubuntu3.20 <none>
2026-04-14 12:37:04 status unpacked libsystemd0:amd64 249.11-0ubuntu3.20
2026-04-14 12:37:04 status half-configured libsystemd0:amd64 249.11-0ubuntu3.20
2026-04-14 12:37:04 status installed libsystemd0:amd64 249.11-0ubuntu3.20
2026-04-14 12:37:04 startup archives unpack
2026-04-14 12:37:04 install libpython3.10-minimal:amd64 <none> 3.10.12-1~22.04.15
2026-04-14 12:37:04 status half-installed libpython3.10-minimal:amd64 3.10.12-1~22.04.15
2026-04-14 12:37:05 status unpacked libpython3.10-minimal:amd64 3.10.12-1~22.04.15
2026-04-14 12:37:05 install libexpat1:amd64 <none> 2.4.7-1ubuntu0.7
2026-04-14 12:37:05 status half-installed libexpat1:amd64 2.4.7-1ubuntu0.7
2026-04-14 12:37:05 status unpacked libexpat1:amd64 2.4.7-1ubuntu0.7
2026-04-14 12:37:05 install python3.10-minimal:amd64 <none> 3.10.12-1~22.04.15
2026-04-14 12:37:05 status half-installed python3.10-minimal:amd64 3.10.12-1~22.04.15
2026-04-14 12:37:05 status unpacked python3.10-minimal:amd64 3.10.12-1~22.04.15
2026-04-14 12:37:05 startup packages configure
2026-04-14 12:37:05 configure libpython3.10-minimal:amd64 3.10.12-1~22.04.15 <none>
2026-04-14 12:37:05 status unpacked libpython3.10-minimal:amd64 3.10.12-1~22.04.15
2026-04-14 12:37:05 status half-configured libpython3.10-minimal:amd64 3.10.12-1~22.04.15
2026-04-14 12:37:05 status installed libpython3.10-minimal:amd64 3.10.12-1~22.04.15
2026-04-14 12:37:05 configure libexpat1:amd64 2.4.7-1ubuntu0.7 <none>
2026-04-14 12:37:05 status unpacked libexpat1:amd64 2.4.7-1ubuntu0.7
2026-04-14 12:37:05 status half-configured libexpat1:amd64 2.4.7-1ubuntu0.7
2026-04-14 12:37:05 status installed libexpat1:amd64 2.4.7-1ubuntu0.7
2026-04-14 12:37:05 configure python3.10-minimal:amd64 3.10.12-1~22.04.15 <none>
2026-04-14 12:37:05 status unpacked python3.10-minimal:amd64 3.10.12-1~22.04.15
2026-04-14 12:37:05 status half-configured python3.10-minimal:amd64 3.10.12-1~22.04.15
2026-04-14 12:37:05 status installed python3.10-minimal:amd64 3.10.12-1~22.04.15
2026-04-14 12:37:05 startup archives unpack
2026-04-14 12:37:06 install python3-minimal:amd64 <none> 3.10.6-1~22.04.1
2026-04-14 12:37:06 status half-installed python3-minimal:amd64 3.10.6-1~22.04.1
2026-04-14 12:37:06 status unpacked python3-minimal:amd64 3.10.6-1~22.04.1
2026-04-14 12:37:06 install media-types:all <none> 7.0.0
2026-04-14 12:37:06 status half-installed media-types:all 7.0.0
2026-04-14 12:37:06 status unpacked media-types:all 7.0.0
2026-04-14 12:37:06 install libmpdec3:amd64 <none> 2.5.1-2build2
2026-04-14 12:37:06 status half-installed libmpdec3:amd64 2.5.1-2build2
2026-04-14 12:37:06 status unpacked libmpdec3:amd64 2.5.1-2build2
2026-04-14 12:37:06 install readline-common:all <none> 8.1.2-1
2026-04-14 12:37:06 status half-installed readline-common:all 8.1.2-1
2026-04-14 12:37:06 status unpacked readline-common:all 8.1.2-1
2026-04-14 12:37:06 install libreadline8:amd64 <none> 8.1.2-1
2026-04-14 12:37:06 status half-installed libreadline8:amd64 8.1.2-1
2026-04-14 12:37:06 status unpacked libreadline8:amd64 8.1.2-1
2026-04-14 12:37:06 install libsqlite3-0:amd64 <none> 3.37.2-2ubuntu0.5
2026-04-14 12:37:06 status half-installed libsqlite3-0:amd64 3.37.2-2ubuntu0.5
2026-04-14 12:37:06 status unpacked libsqlite3-0:amd64 3.37.2-2ubuntu0.5
2026-04-14 12:37:06 install libpython3.10-stdlib:amd64 <none> 3.10.12-1~22.04.15
2026-04-14 12:37:06 status half-installed libpython3.10-stdlib:amd64 3.10.12-1~22.04.15
2026-04-14 12:37:06 status unpacked libpython3.10-stdlib:amd64 3.10.12-1~22.04.15
2026-04-14 12:37:06 install python3.10:amd64 <none> 3.10.12-1~22.04.15
2026-04-14 12:37:06 status half-installed python3.10:amd64 3.10.12-1~22.04.15
2026-04-14 12:37:06 status unpacked python3.10:amd64 3.10.12-1~22.04.15
2026-04-14 12:37:06 install libpython3-stdlib:amd64 <none> 3.10.6-1~22.04.1
2026-04-14 12:37:06 status half-installed libpython3-stdlib:amd64 3.10.6-1~22.04.1
2026-04-14 12:37:06 status unpacked libpython3-stdlib:amd64 3.10.6-1~22.04.1
2026-04-14 12:37:06 startup packages configure
2026-04-14 12:37:06 configure python3-minimal:amd64 3.10.6-1~22.04.1 <none>
2026-04-14 12:37:06 status unpacked python3-minimal:amd64 3.10.6-1~22.04.1
2026-04-14 12:37:06 status half-configured python3-minimal:amd64 3.10.6-1~22.04.1
2026-04-14 12:37:06 status installed python3-minimal:amd64 3.10.6-1~22.04.1
2026-04-14 12:37:06 startup archives unpack
2026-04-14 12:37:06 install python3:amd64 <none> 3.10.6-1~22.04.1
2026-04-14 12:37:06 status half-installed python3:amd64 3.10.6-1~22.04.1
2026-04-14 12:37:06 status unpacked python3:amd64 3.10.6-1~22.04.1
2026-04-14 12:37:06 install libapparmor1:amd64 <none> 3.0.4-2ubuntu2.5
2026-04-14 12:37:06 status half-installed libapparmor1:amd64 3.0.4-2ubuntu2.5
2026-04-14 12:37:06 status unpacked libapparmor1:amd64 3.0.4-2ubuntu2.5
2026-04-14 12:37:06 install libargon2-1:amd64 <none> 0~20171227-0.3
2026-04-14 12:37:06 status half-installed libargon2-1:amd64 0~20171227-0.3
2026-04-14 12:37:06 status unpacked libargon2-1:amd64 0~20171227-0.3
2026-04-14 12:37:06 install libdevmapper1.02.1:amd64 <none> 2:1.02.175-2.1ubuntu5
2026-04-14 12:37:06 status half-installed libdevmapper1.02.1:amd64 2:1.02.175-2.1ubuntu5
2026-04-14 12:37:06 status unpacked libdevmapper1.02.1:amd64 2:1.02.175-2.1ubuntu5
2026-04-14 12:37:06 install libjson-c5:amd64 <none> 0.15-3~ubuntu1.22.04.2
2026-04-14 12:37:06 status half-installed libjson-c5:amd64 0.15-3~ubuntu1.22.04.2
2026-04-14 12:37:06 status unpacked libjson-c5:amd64 0.15-3~ubuntu1.22.04.2
2026-04-14 12:37:07 install libcryptsetup12:amd64 <none> 2:2.4.3-1ubuntu1.3
2026-04-14 12:37:07 status half-installed libcryptsetup12:amd64 2:2.4.3-1ubuntu1.3
2026-04-14 12:37:07 status unpacked libcryptsetup12:amd64 2:2.4.3-1ubuntu1.3
2026-04-14 12:37:07 install libip4tc2:amd64 <none> 1.8.7-1ubuntu5.2
2026-04-14 12:37:07 status half-installed libip4tc2:amd64 1.8.7-1ubuntu5.2
2026-04-14 12:37:07 status unpacked libip4tc2:amd64 1.8.7-1ubuntu5.2
2026-04-14 12:37:07 install libkmod2:amd64 <none> 29-1ubuntu1
2026-04-14 12:37:07 status half-installed libkmod2:amd64 29-1ubuntu1
2026-04-14 12:37:07 status unpacked libkmod2:amd64 29-1ubuntu1
2026-04-14 12:37:07 install systemd:amd64 <none> 249.11-0ubuntu3.20
2026-04-14 12:37:07 status half-installed systemd:amd64 249.11-0ubuntu3.20
2026-04-14 12:37:07 status unpacked systemd:amd64 249.11-0ubuntu3.20
2026-04-14 12:37:07 startup packages configure
2026-04-14 12:37:07 configure libapparmor1:amd64 3.0.4-2ubuntu2.5 <none>
2026-04-14 12:37:07 status unpacked libapparmor1:amd64 3.0.4-2ubuntu2.5
2026-04-14 12:37:07 status half-configured libapparmor1:amd64 3.0.4-2ubuntu2.5
2026-04-14 12:37:07 status installed libapparmor1:amd64 3.0.4-2ubuntu2.5
2026-04-14 12:37:07 configure libargon2-1:amd64 0~20171227-0.3 <none>
2026-04-14 12:37:07 status unpacked libargon2-1:amd64 0~20171227-0.3
2026-04-14 12:37:07 status half-configured libargon2-1:amd64 0~20171227-0.3
2026-04-14 12:37:07 status installed libargon2-1:amd64 0~20171227-0.3
2026-04-14 12:37:07 configure libdevmapper1.02.1:amd64 2:1.02.175-2.1ubuntu5 <none>
2026-04-14 12:37:07 status unpacked libdevmapper1.02.1:amd64 2:1.02.175-2.1ubuntu5
2026-04-14 12:37:07 status half-configured libdevmapper1.02.1:amd64 2:1.02.175-2.1ubuntu5
2026-04-14 12:37:07 status installed libdevmapper1.02.1:amd64 2:1.02.175-2.1ubuntu5
2026-04-14 12:37:07 configure libjson-c5:amd64 0.15-3~ubuntu1.22.04.2 <none>
2026-04-14 12:37:07 status unpacked libjson-c5:amd64 0.15-3~ubuntu1.22.04.2
2026-04-14 12:37:07 status half-configured libjson-c5:amd64 0.15-3~ubuntu1.22.04.2
2026-04-14 12:37:07 status installed libjson-c5:amd64 0.15-3~ubuntu1.22.04.2
2026-04-14 12:37:07 configure libcryptsetup12:amd64 2:2.4.3-1ubuntu1.3 <none>
2026-04-14 12:37:07 status unpacked libcryptsetup12:amd64 2:2.4.3-1ubuntu1.3
2026-04-14 12:37:07 status half-configured libcryptsetup12:amd64 2:2.4.3-1ubuntu1.3
2026-04-14 12:37:07 status installed libcryptsetup12:amd64 2:2.4.3-1ubuntu1.3
2026-04-14 12:37:07 configure libip4tc2:amd64 1.8.7-1ubuntu5.2 <none>
2026-04-14 12:37:07 status unpacked libip4tc2:amd64 1.8.7-1ubuntu5.2
2026-04-14 12:37:07 status half-configured libip4tc2:amd64 1.8.7-1ubuntu5.2
2026-04-14 12:37:07 status installed libip4tc2:amd64 1.8.7-1ubuntu5.2
2026-04-14 12:37:07 configure libkmod2:amd64 29-1ubuntu1 <none>
2026-04-14 12:37:07 status unpacked libkmod2:amd64 29-1ubuntu1
2026-04-14 12:37:07 status half-configured libkmod2:amd64 29-1ubuntu1
2026-04-14 12:37:07 status installed libkmod2:amd64 29-1ubuntu1
2026-04-14 12:37:07 configure systemd:amd64 249.11-0ubuntu3.20 <none>
2026-04-14 12:37:07 status unpacked systemd:amd64 249.11-0ubuntu3.20
2026-04-14 12:37:07 status half-configured systemd:amd64 249.11-0ubuntu3.20
2026-04-14 12:37:07 status installed systemd:amd64 249.11-0ubuntu3.20
2026-04-14 12:37:08 startup archives unpack
2026-04-14 12:37:08 install systemd-sysv:amd64 <none> 249.11-0ubuntu3.20
2026-04-14 12:37:08 status half-installed systemd-sysv:amd64 249.11-0ubuntu3.20
2026-04-14 12:37:08 status unpacked systemd-sysv:amd64 249.11-0ubuntu3.20
2026-04-14 12:37:08 install libmd0:amd64 <none> 1.0.4-1build1
2026-04-14 12:37:08 status half-installed libmd0:amd64 1.0.4-1build1
2026-04-14 12:37:08 status unpacked libmd0:amd64 1.0.4-1build1
2026-04-14 12:37:08 install libbsd0:amd64 <none> 0.11.5-1
2026-04-14 12:37:08 status half-installed libbsd0:amd64 0.11.5-1
2026-04-14 12:37:08 status unpacked libbsd0:amd64 0.11.5-1
2026-04-14 12:37:08 install libedit2:amd64 <none> 3.1-20210910-1build1
2026-04-14 12:37:08 status half-installed libedit2:amd64 3.1-20210910-1build1
2026-04-14 12:37:08 status unpacked libedit2:amd64 3.1-20210910-1build1
2026-04-14 12:37:08 install libcbor0.8:amd64 <none> 0.8.0-2ubuntu1
2026-04-14 12:37:08 status half-installed libcbor0.8:amd64 0.8.0-2ubuntu1
2026-04-14 12:37:08 status unpacked libcbor0.8:amd64 0.8.0-2ubuntu1
2026-04-14 12:37:08 install libfido2-1:amd64 <none> 1.10.0-1
2026-04-14 12:37:08 status half-installed libfido2-1:amd64 1.10.0-1
2026-04-14 12:37:08 status unpacked libfido2-1:amd64 1.10.0-1
2026-04-14 12:37:08 install openssh-client:amd64 <none> 1:8.9p1-3ubuntu0.14
2026-04-14 12:37:08 status half-installed openssh-client:amd64 1:8.9p1-3ubuntu0.14
2026-04-14 12:37:08 status unpacked openssh-client:amd64 1:8.9p1-3ubuntu0.14
2026-04-14 12:37:08 install openssh-sftp-server:amd64 <none> 1:8.9p1-3ubuntu0.14
2026-04-14 12:37:08 status half-installed openssh-sftp-server:amd64 1:8.9p1-3ubuntu0.14
2026-04-14 12:37:08 status unpacked openssh-sftp-server:amd64 1:8.9p1-3ubuntu0.14
2026-04-14 12:37:08 install ucf:all <none> 3.0043
2026-04-14 12:37:08 status half-installed ucf:all 3.0043
2026-04-14 12:37:08 status unpacked ucf:all 3.0043
2026-04-14 12:37:08 install libwrap0:amd64 <none> 7.6.q-31build2
2026-04-14 12:37:08 status half-installed libwrap0:amd64 7.6.q-31build2
2026-04-14 12:37:08 status unpacked libwrap0:amd64 7.6.q-31build2
2026-04-14 12:37:08 install openssh-server:amd64 <none> 1:8.9p1-3ubuntu0.14
2026-04-14 12:37:08 status half-installed openssh-server:amd64 1:8.9p1-3ubuntu0.14
2026-04-14 12:37:08 status unpacked openssh-server:amd64 1:8.9p1-3ubuntu0.14
2026-04-14 12:37:08 install openssl:amd64 <none> 3.0.2-0ubuntu1.23
2026-04-14 12:37:08 status half-installed openssl:amd64 3.0.2-0ubuntu1.23
2026-04-14 12:37:08 status unpacked openssl:amd64 3.0.2-0ubuntu1.23
2026-04-14 12:37:08 install ca-certificates:all <none> 20240203~22.04.1
2026-04-14 12:37:08 status half-installed ca-certificates:all 20240203~22.04.1
2026-04-14 12:37:08 status unpacked ca-certificates:all 20240203~22.04.1
2026-04-14 12:37:08 install libdbus-1-3:amd64 <none> 1.12.20-2ubuntu4.1
2026-04-14 12:37:08 status half-installed libdbus-1-3:amd64 1.12.20-2ubuntu4.1
2026-04-14 12:37:08 status unpacked libdbus-1-3:amd64 1.12.20-2ubuntu4.1
2026-04-14 12:37:08 install dbus:amd64 <none> 1.12.20-2ubuntu4.1
2026-04-14 12:37:08 status half-installed dbus:amd64 1.12.20-2ubuntu4.1
2026-04-14 12:37:08 status unpacked dbus:amd64 1.12.20-2ubuntu4.1
2026-04-14 12:37:08 install distro-info-data:all <none> 0.52ubuntu0.11
2026-04-14 12:37:08 status half-installed distro-info-data:all 0.52ubuntu0.11
2026-04-14 12:37:08 status unpacked distro-info-data:all 0.52ubuntu0.11
2026-04-14 12:37:09 install dmsetup:amd64 <none> 2:1.02.175-2.1ubuntu5
2026-04-14 12:37:09 status half-installed dmsetup:amd64 2:1.02.175-2.1ubuntu5
2026-04-14 12:37:09 status unpacked dmsetup:amd64 2:1.02.175-2.1ubuntu5
2026-04-14 12:37:09 install libglib2.0-0:amd64 <none> 2.72.4-0ubuntu2.9
2026-04-14 12:37:09 status half-installed libglib2.0-0:amd64 2.72.4-0ubuntu2.9
2026-04-14 12:37:09 status unpacked libglib2.0-0:amd64 2.72.4-0ubuntu2.9
2026-04-14 12:37:09 install libgirepository-1.0-1:amd64 <none> 1.72.0-1
2026-04-14 12:37:09 status half-installed libgirepository-1.0-1:amd64 1.72.0-1
2026-04-14 12:37:09 status unpacked libgirepository-1.0-1:amd64 1.72.0-1
2026-04-14 12:37:09 install gir1.2-glib-2.0:amd64 <none> 1.72.0-1
2026-04-14 12:37:09 status half-installed gir1.2-glib-2.0:amd64 1.72.0-1
2026-04-14 12:37:09 status unpacked gir1.2-glib-2.0:amd64 1.72.0-1
2026-04-14 12:37:09 install libglib2.0-data:all <none> 2.72.4-0ubuntu2.9
2026-04-14 12:37:09 status half-installed libglib2.0-data:all 2.72.4-0ubuntu2.9
2026-04-14 12:37:09 status unpacked libglib2.0-data:all 2.72.4-0ubuntu2.9
2026-04-14 12:37:09 install libicu70:amd64 <none> 70.1-2
2026-04-14 12:37:09 status half-installed libicu70:amd64 70.1-2
2026-04-14 12:37:09 status unpacked libicu70:amd64 70.1-2
2026-04-14 12:37:09 install libnss-systemd:amd64 <none> 249.11-0ubuntu3.20
2026-04-14 12:37:09 status half-installed libnss-systemd:amd64 249.11-0ubuntu3.20
2026-04-14 12:37:09 status unpacked libnss-systemd:amd64 249.11-0ubuntu3.20
2026-04-14 12:37:09 install libpam-systemd:amd64 <none> 249.11-0ubuntu3.20
2026-04-14 12:37:09 status half-installed libpam-systemd:amd64 249.11-0ubuntu3.20
2026-04-14 12:37:09 status unpacked libpam-systemd:amd64 249.11-0ubuntu3.20
2026-04-14 12:37:09 install libxml2:amd64 <none> 2.9.13+dfsg-1ubuntu0.11
2026-04-14 12:37:09 status half-installed libxml2:amd64 2.9.13+dfsg-1ubuntu0.11
2026-04-14 12:37:09 status unpacked libxml2:amd64 2.9.13+dfsg-1ubuntu0.11
2026-04-14 12:37:09 install lsb-release:all <none> 11.1.0ubuntu4
2026-04-14 12:37:09 status half-installed lsb-release:all 11.1.0ubuntu4
2026-04-14 12:37:09 status unpacked lsb-release:all 11.1.0ubuntu4
2026-04-14 12:37:09 install python3-dbus:amd64 <none> 1.2.18-3build1
2026-04-14 12:37:09 status half-installed python3-dbus:amd64 1.2.18-3build1
2026-04-14 12:37:09 status unpacked python3-dbus:amd64 1.2.18-3build1
2026-04-14 12:37:09 install python3-gi:amd64 <none> 3.42.1-0ubuntu1
2026-04-14 12:37:09 status half-installed python3-gi:amd64 3.42.1-0ubuntu1
2026-04-14 12:37:09 status unpacked python3-gi:amd64 3.42.1-0ubuntu1
2026-04-14 12:37:09 install networkd-dispatcher:all <none> 2.1-2ubuntu0.22.04.2
2026-04-14 12:37:09 status half-installed networkd-dispatcher:all 2.1-2ubuntu0.22.04.2
2026-04-14 12:37:09 status unpacked networkd-dispatcher:all 2.1-2ubuntu0.22.04.2
2026-04-14 12:37:09 install shared-mime-info:amd64 <none> 2.1-2
2026-04-14 12:37:09 status half-installed shared-mime-info:amd64 2.1-2
2026-04-14 12:37:09 status unpacked shared-mime-info:amd64 2.1-2
2026-04-14 12:37:09 install sudo:amd64 <none> 1.9.9-1ubuntu2.6
2026-04-14 12:37:09 status half-installed sudo:amd64 1.9.9-1ubuntu2.6
2026-04-14 12:37:10 status unpacked sudo:amd64 1.9.9-1ubuntu2.6
2026-04-14 12:37:10 install systemd-timesyncd:amd64 <none> 249.11-0ubuntu3.20
2026-04-14 12:37:10 status half-installed systemd-timesyncd:amd64 249.11-0ubuntu3.20
2026-04-14 12:37:10 status unpacked systemd-timesyncd:amd64 249.11-0ubuntu3.20
2026-04-14 12:37:10 install xxd:amd64 <none> 2:8.2.3995-1ubuntu2.27
2026-04-14 12:37:10 status half-installed xxd:amd64 2:8.2.3995-1ubuntu2.27
2026-04-14 12:37:10 status unpacked xxd:amd64 2:8.2.3995-1ubuntu2.27
2026-04-14 12:37:10 install vim-common:all <none> 2:8.2.3995-1ubuntu2.27
2026-04-14 12:37:10 status half-installed vim-common:all 2:8.2.3995-1ubuntu2.27
2026-04-14 12:37:10 status unpacked vim-common:all 2:8.2.3995-1ubuntu2.27
2026-04-14 12:37:10 install xdg-user-dirs:amd64 <none> 0.17-2ubuntu4
2026-04-14 12:37:10 status half-installed xdg-user-dirs:amd64 0.17-2ubuntu4
2026-04-14 12:37:10 status unpacked xdg-user-dirs:amd64 0.17-2ubuntu4
2026-04-14 12:37:10 install libnghttp2-14:amd64 <none> 1.43.0-1ubuntu0.2
2026-04-14 12:37:10 status half-installed libnghttp2-14:amd64 1.43.0-1ubuntu0.2
2026-04-14 12:37:10 status unpacked libnghttp2-14:amd64 1.43.0-1ubuntu0.2
2026-04-14 12:37:10 install libpsl5:amd64 <none> 0.21.0-1.2build2
2026-04-14 12:37:10 status half-installed libpsl5:amd64 0.21.0-1.2build2
2026-04-14 12:37:10 status unpacked libpsl5:amd64 0.21.0-1.2build2
2026-04-14 12:37:10 install libxau6:amd64 <none> 1:1.0.9-1build5
2026-04-14 12:37:10 status half-installed libxau6:amd64 1:1.0.9-1build5
2026-04-14 12:37:10 status unpacked libxau6:amd64 1:1.0.9-1build5
2026-04-14 12:37:10 install libxdmcp6:amd64 <none> 1:1.1.3-0ubuntu5
2026-04-14 12:37:10 status half-installed libxdmcp6:amd64 1:1.1.3-0ubuntu5
2026-04-14 12:37:10 status unpacked libxdmcp6:amd64 1:1.1.3-0ubuntu5
2026-04-14 12:37:10 install libxcb1:amd64 <none> 1.14-3ubuntu3
2026-04-14 12:37:10 status half-installed libxcb1:amd64 1.14-3ubuntu3
2026-04-14 12:37:10 status unpacked libxcb1:amd64 1.14-3ubuntu3
2026-04-14 12:37:10 install libx11-data:all <none> 2:1.7.5-1ubuntu0.3
2026-04-14 12:37:10 status half-installed libx11-data:all 2:1.7.5-1ubuntu0.3
2026-04-14 12:37:10 status unpacked libx11-data:all 2:1.7.5-1ubuntu0.3
2026-04-14 12:37:10 install libx11-6:amd64 <none> 2:1.7.5-1ubuntu0.3
2026-04-14 12:37:10 status half-installed libx11-6:amd64 2:1.7.5-1ubuntu0.3
2026-04-14 12:37:10 status unpacked libx11-6:amd64 2:1.7.5-1ubuntu0.3
2026-04-14 12:37:10 install libxext6:amd64 <none> 2:1.3.4-1build1
2026-04-14 12:37:10 status half-installed libxext6:amd64 2:1.3.4-1build1
2026-04-14 12:37:10 status unpacked libxext6:amd64 2:1.3.4-1build1
2026-04-14 12:37:10 install libxmuu1:amd64 <none> 2:1.1.3-3
2026-04-14 12:37:10 status half-installed libxmuu1:amd64 2:1.1.3-3
2026-04-14 12:37:10 status unpacked libxmuu1:amd64 2:1.1.3-3
2026-04-14 12:37:10 install nano:amd64 <none> 6.2-1ubuntu0.1
2026-04-14 12:37:10 status half-installed nano:amd64 6.2-1ubuntu0.1
2026-04-14 12:37:10 status unpacked nano:amd64 6.2-1ubuntu0.1
2026-04-14 12:37:10 install publicsuffix:all <none> 20211207.1025-1
2026-04-14 12:37:10 status half-installed publicsuffix:all 20211207.1025-1
2026-04-14 12:37:10 status unpacked publicsuffix:all 20211207.1025-1
2026-04-14 12:37:10 install wget:amd64 <none> 1.21.2-2ubuntu1.1
2026-04-14 12:37:10 status half-installed wget:amd64 1.21.2-2ubuntu1.1
2026-04-14 12:37:10 status unpacked wget:amd64 1.21.2-2ubuntu1.1
2026-04-14 12:37:10 install xauth:amd64 <none> 1:1.1-1build2
2026-04-14 12:37:10 status half-installed xauth:amd64 1:1.1-1build2
2026-04-14 12:37:11 status unpacked xauth:amd64 1:1.1-1build2
2026-04-14 12:37:11 install libbrotli1:amd64 <none> 1.0.9-2build6
2026-04-14 12:37:11 status half-installed libbrotli1:amd64 1.0.9-2build6
2026-04-14 12:37:11 status unpacked libbrotli1:amd64 1.0.9-2build6
2026-04-14 12:37:11 install libsasl2-modules-db:amd64 <none> 2.1.27+dfsg2-3ubuntu1.2
2026-04-14 12:37:11 status half-installed libsasl2-modules-db:amd64 2.1.27+dfsg2-3ubuntu1.2
2026-04-14 12:37:11 status unpacked libsasl2-modules-db:amd64 2.1.27+dfsg2-3ubuntu1.2
2026-04-14 12:37:11 install libsasl2-2:amd64 <none> 2.1.27+dfsg2-3ubuntu1.2
2026-04-14 12:37:11 status half-installed libsasl2-2:amd64 2.1.27+dfsg2-3ubuntu1.2
2026-04-14 12:37:11 status unpacked libsasl2-2:amd64 2.1.27+dfsg2-3ubuntu1.2
2026-04-14 12:37:11 install libldap-2.5-0:amd64 <none> 2.5.20+dfsg-0ubuntu0.22.04.1
2026-04-14 12:37:11 status half-installed libldap-2.5-0:amd64 2.5.20+dfsg-0ubuntu0.22.04.1
2026-04-14 12:37:11 status unpacked libldap-2.5-0:amd64 2.5.20+dfsg-0ubuntu0.22.04.1
2026-04-14 12:37:11 install librtmp1:amd64 <none> 2.4+20151223.gitfa8646d.1-2build4
2026-04-14 12:37:11 status half-installed librtmp1:amd64 2.4+20151223.gitfa8646d.1-2build4
2026-04-14 12:37:11 status unpacked librtmp1:amd64 2.4+20151223.gitfa8646d.1-2build4
2026-04-14 12:37:11 install libssh-4:amd64 <none> 0.9.6-2ubuntu0.22.04.7
2026-04-14 12:37:11 status half-installed libssh-4:amd64 0.9.6-2ubuntu0.22.04.7
2026-04-14 12:37:11 status unpacked libssh-4:amd64 0.9.6-2ubuntu0.22.04.7
2026-04-14 12:37:11 install libcurl4:amd64 <none> 7.81.0-1ubuntu1.23
2026-04-14 12:37:11 status half-installed libcurl4:amd64 7.81.0-1ubuntu1.23
2026-04-14 12:37:11 status unpacked libcurl4:amd64 7.81.0-1ubuntu1.23
2026-04-14 12:37:11 install curl:amd64 <none> 7.81.0-1ubuntu1.23
2026-04-14 12:37:11 status half-installed curl:amd64 7.81.0-1ubuntu1.23
2026-04-14 12:37:11 status unpacked curl:amd64 7.81.0-1ubuntu1.23
2026-04-14 12:37:11 install libgpm2:amd64 <none> 1.20.7-10build1
2026-04-14 12:37:11 status half-installed libgpm2:amd64 1.20.7-10build1
2026-04-14 12:37:11 status unpacked libgpm2:amd64 1.20.7-10build1
2026-04-14 12:37:11 install libldap-common:all <none> 2.5.20+dfsg-0ubuntu0.22.04.1
2026-04-14 12:37:11 status half-installed libldap-common:all 2.5.20+dfsg-0ubuntu0.22.04.1
2026-04-14 12:37:11 status unpacked libldap-common:all 2.5.20+dfsg-0ubuntu0.22.04.1
2026-04-14 12:37:11 install libpython3.10:amd64 <none> 3.10.12-1~22.04.15
2026-04-14 12:37:11 status half-installed libpython3.10:amd64 3.10.12-1~22.04.15
2026-04-14 12:37:11 status unpacked libpython3.10:amd64 3.10.12-1~22.04.15
2026-04-14 12:37:11 install libsasl2-modules:amd64 <none> 2.1.27+dfsg2-3ubuntu1.2
2026-04-14 12:37:11 status half-installed libsasl2-modules:amd64 2.1.27+dfsg2-3ubuntu1.2
2026-04-14 12:37:11 status unpacked libsasl2-modules:amd64 2.1.27+dfsg2-3ubuntu1.2
2026-04-14 12:37:11 install libsodium23:amd64 <none> 1.0.18-1ubuntu0.22.04.1
2026-04-14 12:37:11 status half-installed libsodium23:amd64 1.0.18-1ubuntu0.22.04.1
2026-04-14 12:37:11 status unpacked libsodium23:amd64 1.0.18-1ubuntu0.22.04.1
2026-04-14 12:37:11 install ncurses-term:all <none> 6.3-2ubuntu0.1
2026-04-14 12:37:11 status half-installed ncurses-term:all 6.3-2ubuntu0.1
2026-04-14 12:37:12 status unpacked ncurses-term:all 6.3-2ubuntu0.1
2026-04-14 12:37:12 install vim-runtime:all <none> 2:8.2.3995-1ubuntu2.27
2026-04-14 12:37:12 status half-installed vim-runtime:all 2:8.2.3995-1ubuntu2.27
2026-04-14 12:37:12 status unpacked vim-runtime:all 2:8.2.3995-1ubuntu2.27
2026-04-14 12:37:12 install vim:amd64 <none> 2:8.2.3995-1ubuntu2.27
2026-04-14 12:37:12 status half-installed vim:amd64 2:8.2.3995-1ubuntu2.27
2026-04-14 12:37:12 status unpacked vim:amd64 2:8.2.3995-1ubuntu2.27
2026-04-14 12:37:12 install python3-distro:all <none> 1.7.0-1
2026-04-14 12:37:12 status half-installed python3-distro:all 1.7.0-1
2026-04-14 12:37:12 status unpacked python3-distro:all 1.7.0-1
2026-04-14 12:37:12 install ssh-import-id:all <none> 5.11-0ubuntu1
2026-04-14 12:37:12 status half-installed ssh-import-id:all 5.11-0ubuntu1
2026-04-14 12:37:12 status unpacked ssh-import-id:all 5.11-0ubuntu1
2026-04-14 12:37:12 startup packages configure
2026-04-14 12:37:12 configure media-types:all 7.0.0 <none>
2026-04-14 12:37:12 status unpacked media-types:all 7.0.0
2026-04-14 12:37:12 status half-configured media-types:all 7.0.0
2026-04-14 12:37:12 status installed media-types:all 7.0.0
2026-04-14 12:37:12 configure systemd-sysv:amd64 249.11-0ubuntu3.20 <none>
2026-04-14 12:37:12 status unpacked systemd-sysv:amd64 249.11-0ubuntu3.20
2026-04-14 12:37:12 status half-configured systemd-sysv:amd64 249.11-0ubuntu3.20
2026-04-14 12:37:12 status installed systemd-sysv:amd64 249.11-0ubuntu3.20
2026-04-14 12:37:12 configure libxau6:amd64 1:1.0.9-1build5 <none>
2026-04-14 12:37:12 status unpacked libxau6:amd64 1:1.0.9-1build5
2026-04-14 12:37:12 status half-configured libxau6:amd64 1:1.0.9-1build5
2026-04-14 12:37:12 status installed libxau6:amd64 1:1.0.9-1build5
2026-04-14 12:37:12 configure libpsl5:amd64 0.21.0-1.2build2 <none>
2026-04-14 12:37:12 status unpacked libpsl5:amd64 0.21.0-1.2build2
2026-04-14 12:37:12 status half-configured libpsl5:amd64 0.21.0-1.2build2
2026-04-14 12:37:12 status installed libpsl5:amd64 0.21.0-1.2build2
2026-04-14 12:37:12 configure libsodium23:amd64 1.0.18-1ubuntu0.22.04.1 <none>
2026-04-14 12:37:12 status unpacked libsodium23:amd64 1.0.18-1ubuntu0.22.04.1
2026-04-14 12:37:12 status half-configured libsodium23:amd64 1.0.18-1ubuntu0.22.04.1
2026-04-14 12:37:12 status installed libsodium23:amd64 1.0.18-1ubuntu0.22.04.1
2026-04-14 12:37:12 configure libgpm2:amd64 1.20.7-10build1 <none>
2026-04-14 12:37:12 status unpacked libgpm2:amd64 1.20.7-10build1
2026-04-14 12:37:12 status half-configured libgpm2:amd64 1.20.7-10build1
2026-04-14 12:37:12 status installed libgpm2:amd64 1.20.7-10build1
2026-04-14 12:37:12 configure wget:amd64 1.21.2-2ubuntu1.1 <none>
2026-04-14 12:37:12 status unpacked wget:amd64 1.21.2-2ubuntu1.1
2026-04-14 12:37:12 status half-configured wget:amd64 1.21.2-2ubuntu1.1
2026-04-14 12:37:12 status installed wget:amd64 1.21.2-2ubuntu1.1
2026-04-14 12:37:12 configure xdg-user-dirs:amd64 0.17-2ubuntu4 <none>
2026-04-14 12:37:12 status unpacked xdg-user-dirs:amd64 0.17-2ubuntu4
2026-04-14 12:37:12 status half-configured xdg-user-dirs:amd64 0.17-2ubuntu4
2026-04-14 12:37:12 status installed xdg-user-dirs:amd64 0.17-2ubuntu4
2026-04-14 12:37:12 configure libglib2.0-0:amd64 2.72.4-0ubuntu2.9 <none>
2026-04-14 12:37:12 status unpacked libglib2.0-0:amd64 2.72.4-0ubuntu2.9
2026-04-14 12:37:12 status half-configured libglib2.0-0:amd64 2.72.4-0ubuntu2.9
2026-04-14 12:37:12 status installed libglib2.0-0:amd64 2.72.4-0ubuntu2.9
2026-04-14 12:37:12 configure distro-info-data:all 0.52ubuntu0.11 <none>
2026-04-14 12:37:12 status unpacked distro-info-data:all 0.52ubuntu0.11
2026-04-14 12:37:12 status half-configured distro-info-data:all 0.52ubuntu0.11
2026-04-14 12:37:12 status installed distro-info-data:all 0.52ubuntu0.11
2026-04-14 12:37:12 configure libcbor0.8:amd64 0.8.0-2ubuntu1 <none>
2026-04-14 12:37:12 status unpacked libcbor0.8:amd64 0.8.0-2ubuntu1
2026-04-14 12:37:12 status half-configured libcbor0.8:amd64 0.8.0-2ubuntu1
2026-04-14 12:37:12 status installed libcbor0.8:amd64 0.8.0-2ubuntu1
2026-04-14 12:37:12 configure libbrotli1:amd64 1.0.9-2build6 <none>
2026-04-14 12:37:12 status unpacked libbrotli1:amd64 1.0.9-2build6
2026-04-14 12:37:13 status half-configured libbrotli1:amd64 1.0.9-2build6
2026-04-14 12:37:13 status installed libbrotli1:amd64 1.0.9-2build6
2026-04-14 12:37:13 configure libsqlite3-0:amd64 3.37.2-2ubuntu0.5 <none>
2026-04-14 12:37:13 status unpacked libsqlite3-0:amd64 3.37.2-2ubuntu0.5
2026-04-14 12:37:13 status half-configured libsqlite3-0:amd64 3.37.2-2ubuntu0.5
2026-04-14 12:37:13 status installed libsqlite3-0:amd64 3.37.2-2ubuntu0.5
2026-04-14 12:37:13 configure libsasl2-modules:amd64 2.1.27+dfsg2-3ubuntu1.2 <none>
2026-04-14 12:37:13 status unpacked libsasl2-modules:amd64 2.1.27+dfsg2-3ubuntu1.2
2026-04-14 12:37:13 status half-configured libsasl2-modules:amd64 2.1.27+dfsg2-3ubuntu1.2
2026-04-14 12:37:13 status installed libsasl2-modules:amd64 2.1.27+dfsg2-3ubuntu1.2
2026-04-14 12:37:13 configure libnghttp2-14:amd64 1.43.0-1ubuntu0.2 <none>
2026-04-14 12:37:13 status unpacked libnghttp2-14:amd64 1.43.0-1ubuntu0.2
2026-04-14 12:37:13 status half-configured libnghttp2-14:amd64 1.43.0-1ubuntu0.2
2026-04-14 12:37:13 status installed libnghttp2-14:amd64 1.43.0-1ubuntu0.2
2026-04-14 12:37:13 configure libnss-systemd:amd64 249.11-0ubuntu3.20 <none>
2026-04-14 12:37:13 status unpacked libnss-systemd:amd64 249.11-0ubuntu3.20
2026-04-14 12:37:13 status half-configured libnss-systemd:amd64 249.11-0ubuntu3.20
2026-04-14 12:37:13 status installed libnss-systemd:amd64 249.11-0ubuntu3.20
2026-04-14 12:37:13 configure libldap-common:all 2.5.20+dfsg-0ubuntu0.22.04.1 <none>
2026-04-14 12:37:13 status unpacked libldap-common:all 2.5.20+dfsg-0ubuntu0.22.04.1
2026-04-14 12:37:13 status half-configured libldap-common:all 2.5.20+dfsg-0ubuntu0.22.04.1
2026-04-14 12:37:13 status installed libldap-common:all 2.5.20+dfsg-0ubuntu0.22.04.1
2026-04-14 12:37:13 configure xxd:amd64 2:8.2.3995-1ubuntu2.27 <none>
2026-04-14 12:37:13 status unpacked xxd:amd64 2:8.2.3995-1ubuntu2.27
2026-04-14 12:37:13 status half-configured xxd:amd64 2:8.2.3995-1ubuntu2.27
2026-04-14 12:37:13 status installed xxd:amd64 2:8.2.3995-1ubuntu2.27
2026-04-14 12:37:13 configure libsasl2-modules-db:amd64 2.1.27+dfsg2-3ubuntu1.2 <none>
2026-04-14 12:37:13 status unpacked libsasl2-modules-db:amd64 2.1.27+dfsg2-3ubuntu1.2
2026-04-14 12:37:13 status half-configured libsasl2-modules-db:amd64 2.1.27+dfsg2-3ubuntu1.2
2026-04-14 12:37:13 status installed libsasl2-modules-db:amd64 2.1.27+dfsg2-3ubuntu1.2
2026-04-14 12:37:13 configure libglib2.0-data:all 2.72.4-0ubuntu2.9 <none>
2026-04-14 12:37:13 status unpacked libglib2.0-data:all 2.72.4-0ubuntu2.9
2026-04-14 12:37:13 status half-configured libglib2.0-data:all 2.72.4-0ubuntu2.9
2026-04-14 12:37:13 status installed libglib2.0-data:all 2.72.4-0ubuntu2.9
2026-04-14 12:37:13 configure vim-common:all 2:8.2.3995-1ubuntu2.27 <none>
2026-04-14 12:37:13 status unpacked vim-common:all 2:8.2.3995-1ubuntu2.27
2026-04-14 12:37:13 status half-configured vim-common:all 2:8.2.3995-1ubuntu2.27
2026-04-14 12:37:13 status installed vim-common:all 2:8.2.3995-1ubuntu2.27
2026-04-14 12:37:13 configure libwrap0:amd64 7.6.q-31build2 <none>
2026-04-14 12:37:13 status unpacked libwrap0:amd64 7.6.q-31build2
2026-04-14 12:37:13 status half-configured libwrap0:amd64 7.6.q-31build2
2026-04-14 12:37:13 status installed libwrap0:amd64 7.6.q-31build2
2026-04-14 12:37:13 configure libx11-data:all 2:1.7.5-1ubuntu0.3 <none>
2026-04-14 12:37:13 status unpacked libx11-data:all 2:1.7.5-1ubuntu0.3
2026-04-14 12:37:13 status half-configured libx11-data:all 2:1.7.5-1ubuntu0.3
2026-04-14 12:37:13 status installed libx11-data:all 2:1.7.5-1ubuntu0.3
2026-04-14 12:37:13 configure librtmp1:amd64 2.4+20151223.gitfa8646d.1-2build4 <none>
2026-04-14 12:37:13 status unpacked librtmp1:amd64 2.4+20151223.gitfa8646d.1-2build4
2026-04-14 12:37:13 status half-configured librtmp1:amd64 2.4+20151223.gitfa8646d.1-2build4
2026-04-14 12:37:13 status installed librtmp1:amd64 2.4+20151223.gitfa8646d.1-2build4
2026-04-14 12:37:13 configure libdbus-1-3:amd64 1.12.20-2ubuntu4.1 <none>
2026-04-14 12:37:13 status unpacked libdbus-1-3:amd64 1.12.20-2ubuntu4.1
2026-04-14 12:37:13 status half-configured libdbus-1-3:amd64 1.12.20-2ubuntu4.1
2026-04-14 12:37:13 status installed libdbus-1-3:amd64 1.12.20-2ubuntu4.1
2026-04-14 12:37:13 configure dbus:amd64 1.12.20-2ubuntu4.1 <none>
2026-04-14 12:37:13 status unpacked dbus:amd64 1.12.20-2ubuntu4.1
2026-04-14 12:37:13 status half-configured dbus:amd64 1.12.20-2ubuntu4.1
2026-04-14 12:37:13 status installed dbus:amd64 1.12.20-2ubuntu4.1
2026-04-14 12:37:13 configure systemd-timesyncd:amd64 249.11-0ubuntu3.20 <none>
2026-04-14 12:37:13 status unpacked systemd-timesyncd:amd64 249.11-0ubuntu3.20
2026-04-14 12:37:13 status half-configured systemd-timesyncd:amd64 249.11-0ubuntu3.20
2026-04-14 12:37:13 status installed systemd-timesyncd:amd64 249.11-0ubuntu3.20
2026-04-14 12:37:13 configure sudo:amd64 1.9.9-1ubuntu2.6 <none>
2026-04-14 12:37:13 status unpacked sudo:amd64 1.9.9-1ubuntu2.6
2026-04-14 12:37:13 status half-configured sudo:amd64 1.9.9-1ubuntu2.6
2026-04-14 12:37:13 status installed sudo:amd64 1.9.9-1ubuntu2.6
2026-04-14 12:37:13 configure ucf:all 3.0043 <none>
2026-04-14 12:37:13 status unpacked ucf:all 3.0043
2026-04-14 12:37:13 status half-configured ucf:all 3.0043
2026-04-14 12:37:13 status installed ucf:all 3.0043
2026-04-14 12:37:13 configure libsasl2-2:amd64 2.1.27+dfsg2-3ubuntu1.2 <none>
2026-04-14 12:37:13 status unpacked libsasl2-2:amd64 2.1.27+dfsg2-3ubuntu1.2
2026-04-14 12:37:13 status half-configured libsasl2-2:amd64 2.1.27+dfsg2-3ubuntu1.2
2026-04-14 12:37:13 status installed libsasl2-2:amd64 2.1.27+dfsg2-3ubuntu1.2
2026-04-14 12:37:13 configure libssh-4:amd64 0.9.6-2ubuntu0.22.04.7 <none>
2026-04-14 12:37:13 status unpacked libssh-4:amd64 0.9.6-2ubuntu0.22.04.7
2026-04-14 12:37:13 status half-configured libssh-4:amd64 0.9.6-2ubuntu0.22.04.7
2026-04-14 12:37:13 status installed libssh-4:amd64 0.9.6-2ubuntu0.22.04.7
2026-04-14 12:37:13 configure nano:amd64 6.2-1ubuntu0.1 <none>
2026-04-14 12:37:13 status unpacked nano:amd64 6.2-1ubuntu0.1
2026-04-14 12:37:13 status half-configured nano:amd64 6.2-1ubuntu0.1
2026-04-14 12:37:13 status installed nano:amd64 6.2-1ubuntu0.1
2026-04-14 12:37:13 configure libmd0:amd64 1.0.4-1build1 <none>
2026-04-14 12:37:13 status unpacked libmd0:amd64 1.0.4-1build1
2026-04-14 12:37:13 status half-configured libmd0:amd64 1.0.4-1build1
2026-04-14 12:37:13 status installed libmd0:amd64 1.0.4-1build1
2026-04-14 12:37:13 configure dmsetup:amd64 2:1.02.175-2.1ubuntu5 <none>
2026-04-14 12:37:13 status unpacked dmsetup:amd64 2:1.02.175-2.1ubuntu5
2026-04-14 12:37:13 status half-configured dmsetup:amd64 2:1.02.175-2.1ubuntu5
2026-04-14 12:37:13 status installed dmsetup:amd64 2:1.02.175-2.1ubuntu5
2026-04-14 12:37:13 configure libmpdec3:amd64 2.5.1-2build2 <none>
2026-04-14 12:37:13 status unpacked libmpdec3:amd64 2.5.1-2build2
2026-04-14 12:37:13 status half-configured libmpdec3:amd64 2.5.1-2build2
2026-04-14 12:37:13 status installed libmpdec3:amd64 2.5.1-2build2
2026-04-14 12:37:13 configure libpam-systemd:amd64 249.11-0ubuntu3.20 <none>
2026-04-14 12:37:13 status unpacked libpam-systemd:amd64 249.11-0ubuntu3.20
2026-04-14 12:37:13 status half-configured libpam-systemd:amd64 249.11-0ubuntu3.20
2026-04-14 12:37:14 status installed libpam-systemd:amd64 249.11-0ubuntu3.20
2026-04-14 12:37:14 configure libgirepository-1.0-1:amd64 1.72.0-1 <none>
2026-04-14 12:37:14 status unpacked libgirepository-1.0-1:amd64 1.72.0-1
2026-04-14 12:37:14 status half-configured libgirepository-1.0-1:amd64 1.72.0-1
2026-04-14 12:37:14 status installed libgirepository-1.0-1:amd64 1.72.0-1
2026-04-14 12:37:14 configure vim-runtime:all 2:8.2.3995-1ubuntu2.27 <none>
2026-04-14 12:37:14 status unpacked vim-runtime:all 2:8.2.3995-1ubuntu2.27
2026-04-14 12:37:14 status half-configured vim-runtime:all 2:8.2.3995-1ubuntu2.27
2026-04-14 12:37:14 status installed vim-runtime:all 2:8.2.3995-1ubuntu2.27
2026-04-14 12:37:14 configure libfido2-1:amd64 1.10.0-1 <none>
2026-04-14 12:37:14 status unpacked libfido2-1:amd64 1.10.0-1
2026-04-14 12:37:14 status half-configured libfido2-1:amd64 1.10.0-1
2026-04-14 12:37:14 status installed libfido2-1:amd64 1.10.0-1
2026-04-14 12:37:14 configure openssl:amd64 3.0.2-0ubuntu1.23 <none>
2026-04-14 12:37:14 status unpacked openssl:amd64 3.0.2-0ubuntu1.23
2026-04-14 12:37:14 status half-configured openssl:amd64 3.0.2-0ubuntu1.23
2026-04-14 12:37:14 status installed openssl:amd64 3.0.2-0ubuntu1.23
2026-04-14 12:37:14 configure libbsd0:amd64 0.11.5-1 <none>
2026-04-14 12:37:14 status unpacked libbsd0:amd64 0.11.5-1
2026-04-14 12:37:14 status half-configured libbsd0:amd64 0.11.5-1
2026-04-14 12:37:14 status installed libbsd0:amd64 0.11.5-1
2026-04-14 12:37:14 configure readline-common:all 8.1.2-1 <none>
2026-04-14 12:37:14 status unpacked readline-common:all 8.1.2-1
2026-04-14 12:37:14 status half-configured readline-common:all 8.1.2-1
2026-04-14 12:37:14 status installed readline-common:all 8.1.2-1
2026-04-14 12:37:14 configure publicsuffix:all 20211207.1025-1 <none>
2026-04-14 12:37:14 status unpacked publicsuffix:all 20211207.1025-1
2026-04-14 12:37:14 status half-configured publicsuffix:all 20211207.1025-1
2026-04-14 12:37:14 status installed publicsuffix:all 20211207.1025-1
2026-04-14 12:37:14 configure libicu70:amd64 70.1-2 <none>
2026-04-14 12:37:14 status unpacked libicu70:amd64 70.1-2
2026-04-14 12:37:14 status half-configured libicu70:amd64 70.1-2
2026-04-14 12:37:14 status installed libicu70:amd64 70.1-2
2026-04-14 12:37:14 configure ncurses-term:all 6.3-2ubuntu0.1 <none>
2026-04-14 12:37:14 status unpacked ncurses-term:all 6.3-2ubuntu0.1
2026-04-14 12:37:14 status half-configured ncurses-term:all 6.3-2ubuntu0.1
2026-04-14 12:37:14 status installed ncurses-term:all 6.3-2ubuntu0.1
2026-04-14 12:37:14 configure libxdmcp6:amd64 1:1.1.3-0ubuntu5 <none>
2026-04-14 12:37:14 status unpacked libxdmcp6:amd64 1:1.1.3-0ubuntu5
2026-04-14 12:37:14 status half-configured libxdmcp6:amd64 1:1.1.3-0ubuntu5
2026-04-14 12:37:14 status installed libxdmcp6:amd64 1:1.1.3-0ubuntu5
2026-04-14 12:37:14 configure libxcb1:amd64 1.14-3ubuntu3 <none>
2026-04-14 12:37:14 status unpacked libxcb1:amd64 1.14-3ubuntu3
2026-04-14 12:37:14 status half-configured libxcb1:amd64 1.14-3ubuntu3
2026-04-14 12:37:14 status installed libxcb1:amd64 1.14-3ubuntu3
2026-04-14 12:37:14 configure libedit2:amd64 3.1-20210910-1build1 <none>
2026-04-14 12:37:14 status unpacked libedit2:amd64 3.1-20210910-1build1
2026-04-14 12:37:14 status half-configured libedit2:amd64 3.1-20210910-1build1
2026-04-14 12:37:14 status installed libedit2:amd64 3.1-20210910-1build1
2026-04-14 12:37:14 configure libreadline8:amd64 8.1.2-1 <none>
2026-04-14 12:37:14 status unpacked libreadline8:amd64 8.1.2-1
2026-04-14 12:37:14 status half-configured libreadline8:amd64 8.1.2-1
2026-04-14 12:37:14 status installed libreadline8:amd64 8.1.2-1
2026-04-14 12:37:14 configure libldap-2.5-0:amd64 2.5.20+dfsg-0ubuntu0.22.04.1 <none>
2026-04-14 12:37:14 status unpacked libldap-2.5-0:amd64 2.5.20+dfsg-0ubuntu0.22.04.1
2026-04-14 12:37:14 status half-configured libldap-2.5-0:amd64 2.5.20+dfsg-0ubuntu0.22.04.1
2026-04-14 12:37:14 status installed libldap-2.5-0:amd64 2.5.20+dfsg-0ubuntu0.22.04.1
2026-04-14 12:37:14 configure libpython3.10-stdlib:amd64 3.10.12-1~22.04.15 <none>
2026-04-14 12:37:14 status unpacked libpython3.10-stdlib:amd64 3.10.12-1~22.04.15
2026-04-14 12:37:14 status half-configured libpython3.10-stdlib:amd64 3.10.12-1~22.04.15
2026-04-14 12:37:14 status installed libpython3.10-stdlib:amd64 3.10.12-1~22.04.15
2026-04-14 12:37:14 configure ca-certificates:all 20240203~22.04.1 <none>
2026-04-14 12:37:14 status unpacked ca-certificates:all 20240203~22.04.1
2026-04-14 12:37:14 status half-configured ca-certificates:all 20240203~22.04.1
2026-04-14 12:37:15 status installed ca-certificates:all 20240203~22.04.1
2026-04-14 12:37:15 status triggers-pending ca-certificates:all 20240203~22.04.1
2026-04-14 12:37:15 configure gir1.2-glib-2.0:amd64 1.72.0-1 <none>
2026-04-14 12:37:15 status unpacked gir1.2-glib-2.0:amd64 1.72.0-1
2026-04-14 12:37:15 status half-configured gir1.2-glib-2.0:amd64 1.72.0-1
2026-04-14 12:37:15 status installed gir1.2-glib-2.0:amd64 1.72.0-1
2026-04-14 12:37:15 configure libcurl4:amd64 7.81.0-1ubuntu1.23 <none>
2026-04-14 12:37:15 status unpacked libcurl4:amd64 7.81.0-1ubuntu1.23
2026-04-14 12:37:15 status half-configured libcurl4:amd64 7.81.0-1ubuntu1.23
2026-04-14 12:37:15 status installed libcurl4:amd64 7.81.0-1ubuntu1.23
2026-04-14 12:37:15 configure libx11-6:amd64 2:1.7.5-1ubuntu0.3 <none>
2026-04-14 12:37:15 status unpacked libx11-6:amd64 2:1.7.5-1ubuntu0.3
2026-04-14 12:37:15 status half-configured libx11-6:amd64 2:1.7.5-1ubuntu0.3
2026-04-14 12:37:15 status installed libx11-6:amd64 2:1.7.5-1ubuntu0.3
2026-04-14 12:37:15 configure curl:amd64 7.81.0-1ubuntu1.23 <none>
2026-04-14 12:37:15 status unpacked curl:amd64 7.81.0-1ubuntu1.23
2026-04-14 12:37:15 status half-configured curl:amd64 7.81.0-1ubuntu1.23
2026-04-14 12:37:15 status installed curl:amd64 7.81.0-1ubuntu1.23
2026-04-14 12:37:15 configure libxml2:amd64 2.9.13+dfsg-1ubuntu0.11 <none>
2026-04-14 12:37:15 status unpacked libxml2:amd64 2.9.13+dfsg-1ubuntu0.11
2026-04-14 12:37:15 status half-configured libxml2:amd64 2.9.13+dfsg-1ubuntu0.11
2026-04-14 12:37:15 status installed libxml2:amd64 2.9.13+dfsg-1ubuntu0.11
2026-04-14 12:37:15 configure libxmuu1:amd64 2:1.1.3-3 <none>
2026-04-14 12:37:15 status unpacked libxmuu1:amd64 2:1.1.3-3
2026-04-14 12:37:15 status half-configured libxmuu1:amd64 2:1.1.3-3
2026-04-14 12:37:15 status installed libxmuu1:amd64 2:1.1.3-3
2026-04-14 12:37:15 configure libpython3-stdlib:amd64 3.10.6-1~22.04.1 <none>
2026-04-14 12:37:15 status unpacked libpython3-stdlib:amd64 3.10.6-1~22.04.1
2026-04-14 12:37:15 status half-configured libpython3-stdlib:amd64 3.10.6-1~22.04.1
2026-04-14 12:37:15 status installed libpython3-stdlib:amd64 3.10.6-1~22.04.1
2026-04-14 12:37:15 configure libpython3.10:amd64 3.10.12-1~22.04.15 <none>
2026-04-14 12:37:15 status unpacked libpython3.10:amd64 3.10.12-1~22.04.15
2026-04-14 12:37:15 status half-configured libpython3.10:amd64 3.10.12-1~22.04.15
2026-04-14 12:37:15 status installed libpython3.10:amd64 3.10.12-1~22.04.15
2026-04-14 12:37:15 configure vim:amd64 2:8.2.3995-1ubuntu2.27 <none>
2026-04-14 12:37:15 status unpacked vim:amd64 2:8.2.3995-1ubuntu2.27
2026-04-14 12:37:15 status half-configured vim:amd64 2:8.2.3995-1ubuntu2.27
2026-04-14 12:37:15 status installed vim:amd64 2:8.2.3995-1ubuntu2.27
2026-04-14 12:37:15 configure python3.10:amd64 3.10.12-1~22.04.15 <none>
2026-04-14 12:37:15 status unpacked python3.10:amd64 3.10.12-1~22.04.15
2026-04-14 12:37:15 status half-configured python3.10:amd64 3.10.12-1~22.04.15
2026-04-14 12:37:16 status installed python3.10:amd64 3.10.12-1~22.04.15
2026-04-14 12:37:16 configure openssh-client:amd64 1:8.9p1-3ubuntu0.14 <none>
2026-04-14 12:37:16 status unpacked openssh-client:amd64 1:8.9p1-3ubuntu0.14
2026-04-14 12:37:16 status half-configured openssh-client:amd64 1:8.9p1-3ubuntu0.14
2026-04-14 12:37:16 status installed openssh-client:amd64 1:8.9p1-3ubuntu0.14
2026-04-14 12:37:16 configure libxext6:amd64 2:1.3.4-1build1 <none>
2026-04-14 12:37:16 status unpacked libxext6:amd64 2:1.3.4-1build1
2026-04-14 12:37:16 status half-configured libxext6:amd64 2:1.3.4-1build1
2026-04-14 12:37:16 status installed libxext6:amd64 2:1.3.4-1build1
2026-04-14 12:37:16 configure python3:amd64 3.10.6-1~22.04.1 <none>
2026-04-14 12:37:16 status unpacked python3:amd64 3.10.6-1~22.04.1
2026-04-14 12:37:16 status half-configured python3:amd64 3.10.6-1~22.04.1
2026-04-14 12:37:16 status installed python3:amd64 3.10.6-1~22.04.1
2026-04-14 12:37:16 configure python3-gi:amd64 3.42.1-0ubuntu1 <none>
2026-04-14 12:37:16 status unpacked python3-gi:amd64 3.42.1-0ubuntu1
2026-04-14 12:37:16 status half-configured python3-gi:amd64 3.42.1-0ubuntu1
2026-04-14 12:37:16 status installed python3-gi:amd64 3.42.1-0ubuntu1
2026-04-14 12:37:16 configure shared-mime-info:amd64 2.1-2 <none>
2026-04-14 12:37:16 status unpacked shared-mime-info:amd64 2.1-2
2026-04-14 12:37:16 status half-configured shared-mime-info:amd64 2.1-2
2026-04-14 12:37:19 status installed shared-mime-info:amd64 2.1-2
2026-04-14 12:37:19 configure xauth:amd64 1:1.1-1build2 <none>
2026-04-14 12:37:19 status unpacked xauth:amd64 1:1.1-1build2
2026-04-14 12:37:19 status half-configured xauth:amd64 1:1.1-1build2
2026-04-14 12:37:19 status installed xauth:amd64 1:1.1-1build2
2026-04-14 12:37:19 configure lsb-release:all 11.1.0ubuntu4 <none>
2026-04-14 12:37:19 status unpacked lsb-release:all 11.1.0ubuntu4
2026-04-14 12:37:19 status half-configured lsb-release:all 11.1.0ubuntu4
2026-04-14 12:37:19 status installed lsb-release:all 11.1.0ubuntu4
2026-04-14 12:37:19 configure openssh-sftp-server:amd64 1:8.9p1-3ubuntu0.14 <none>
2026-04-14 12:37:19 status unpacked openssh-sftp-server:amd64 1:8.9p1-3ubuntu0.14
2026-04-14 12:37:19 status half-configured openssh-sftp-server:amd64 1:8.9p1-3ubuntu0.14
2026-04-14 12:37:19 status installed openssh-sftp-server:amd64 1:8.9p1-3ubuntu0.14
2026-04-14 12:37:19 configure python3-dbus:amd64 1.2.18-3build1 <none>
2026-04-14 12:37:19 status unpacked python3-dbus:amd64 1.2.18-3build1
2026-04-14 12:37:19 status half-configured python3-dbus:amd64 1.2.18-3build1
2026-04-14 12:37:20 status installed python3-dbus:amd64 1.2.18-3build1
2026-04-14 12:37:20 configure python3-distro:all 1.7.0-1 <none>
2026-04-14 12:37:20 status unpacked python3-distro:all 1.7.0-1
2026-04-14 12:37:20 status half-configured python3-distro:all 1.7.0-1
2026-04-14 12:37:20 status installed python3-distro:all 1.7.0-1
2026-04-14 12:37:20 configure openssh-server:amd64 1:8.9p1-3ubuntu0.14 <none>
2026-04-14 12:37:20 status unpacked openssh-server:amd64 1:8.9p1-3ubuntu0.14
2026-04-14 12:37:20 status half-configured openssh-server:amd64 1:8.9p1-3ubuntu0.14
2026-04-14 12:37:20 status installed openssh-server:amd64 1:8.9p1-3ubuntu0.14
2026-04-14 12:37:20 configure ssh-import-id:all 5.11-0ubuntu1 <none>
2026-04-14 12:37:20 status unpacked ssh-import-id:all 5.11-0ubuntu1
2026-04-14 12:37:20 status half-configured ssh-import-id:all 5.11-0ubuntu1
2026-04-14 12:37:21 status installed ssh-import-id:all 5.11-0ubuntu1
2026-04-14 12:37:21 configure networkd-dispatcher:all 2.1-2ubuntu0.22.04.2 <none>
2026-04-14 12:37:21 status unpacked networkd-dispatcher:all 2.1-2ubuntu0.22.04.2
2026-04-14 12:37:21 status half-configured networkd-dispatcher:all 2.1-2ubuntu0.22.04.2
2026-04-14 12:37:21 status installed networkd-dispatcher:all 2.1-2ubuntu0.22.04.2
2026-04-14 12:37:21 trigproc libc-bin:amd64 2.35-0ubuntu3.13 <none>
2026-04-14 12:37:21 status half-configured libc-bin:amd64 2.35-0ubuntu3.13
2026-04-14 12:37:21 status installed libc-bin:amd64 2.35-0ubuntu3.13
2026-04-14 12:37:21 trigproc ca-certificates:all 20240203~22.04.1 <none>
2026-04-14 12:37:21 status half-configured ca-certificates:all 20240203~22.04.1
2026-04-14 12:37:21 status installed ca-certificates:all 20240203~22.04.1
